Site_Name,Stream_Name ,Site_Number,Date_Collected,Sample_Type, Kyle_Sample_ID,Running_Number,L_Volume,Vial_Volume,Concentration_Factor ,Nitrate,N_Blank,TotalN,Nutrient_Sample_ID,TotalP,T_Blank,Total_P,Acetaminophen,Amoxicillin,Ampicillin,Atenolol_MRT,Caffeine,Buspirone,Bifenthrin,Beta_cyfluthrin,Benzophenone_3,Benzophenone_1,Atrazine,Carbamazepine_A,Carbaryl,Chlortetracycline,Erythromycin,DEET,Cyhalothrin,Clothianidin,Clarithromycin,Citalopram,Chlortetracycline,Chlorpyrifos,Esfenvalerate_UNCONF,Fluoxetine,Ibuprofen_UNCONF,Imidacloprid,Ketoprofen,Malathion,Erythromycin,Metformin,Metoprolol_MRT,naproxen,Ofloxacin,Sulfadiazine,Sucralose,Simazine,Permethrin,Sulfadimethoxine,Sulfamethazine,Sulfamethoxazole,Tetracycline,Theobromine,Thiamethoxam_d3,Thiamethoxam,Thiacloprid,Trimethoprim_MRT,4_t_Octylphenol,Venlafaxine
Ag_Progress_Days ,Spruce_Creek,1,6032021,Grab,131-TVFF21,TVFF21-001,938.7,0.632490518,1484.132921,0.72,0.02,1.05,TVFF21-001,0.028,0.01,0.033,2.02138E-07,4.87153E-07,1.68449E-07,1.92031E-07,7.2096E-06,1.24652E-07,1.68449E-05,1.68449E-06,1.34759E-06,1.34759E-07,4.04276E-06,6.73794E-08,6.73794E-08,8.11922E-07,6.73794E-08,3.36897E-07,1.49919E-06,1.34759E-07,4.71656E-07,1.28021E-06,8.11922E-07,3.09945E-06,1.34759E-07,9.43312E-07,2.60085E-05,6.01024E-07,0,6.73794E-08,6.73794E-08,2.69518E-07,0,8.62456E-08,2.08876E-06,0,7.13548E-07,6.73794E-08,6.73794E-08,6.73794E-08,5.9496E-07,8.79975E-07,8.67847E-07,6.73794E-07,2.41218E-07,2.41218E-07,6.73794E-08,2.02138E-07,1.68449E-07,6.73794E-08
Upper_Spruce_Creek_Church ,Spruce_Creek,2,6032021,Grab,132-TVFF21,TVFF21-002,629,0.894184576,703.4341867,0,0,0,0,0,0,0,4.26479E-07,1.02781E-06,3.55399E-07,4.05155E-07,2.03288E-05,2.62995E-07,3.55399E-05,3.55399E-06,1.27944E-06,0,8.25948E-05,5.68639E-07,8.52958E-07,1.71302E-06,0,1.84808E-06,3.16305E-06,4.83343E-06,0,4.26479E-07,1.71302E-06,1.27944E-06,1.18376E-05,0,1.6917E-05,0,0,0,0,4.26479E-07,5.63237E-06,1.56376E-06,2.1324E-06,0,1.50547E-06,4.26479E-07,8.2737E-07,0,1.25527E-06,0,1.83102E-06,6.96583E-06,5.08932E-07,5.08932E-07,8.78547E-07,7.10799E-07,3.55399E-07,0
George_W_Harvey,Spruce_Creek,3,6032021,Grab,133-TVFF21,TVFF21-003,987.3,0.887231353,1112.787546,2.47,0.02,3.69,TVFF21-003,0.065,0.01,0.087,8.98644E-08,6.4972E-07,2.24661E-07,2.56114E-07,4.13376E-06,1.66249E-07,2.24661E-05,2.24661E-06,8.98644E-07,0,1.68046E-05,1.79729E-07,8.98644E-08,1.08287E-06,3.70152E-06,3.59458E-07,1.99948E-06,1.07837E-06,6.29051E-08,2.87566E-07,1.08287E-06,7.18915E-07,7.48301E-06,0,8.07881E-05,0,1.02445E-07,0,3.70152E-06,3.59458E-07,3.56043E-06,1.15026E-07,2.24661E-07,7.46683E-06,9.51664E-07,2.69593E-07,5.23011E-07,1.35336E-06,7.93503E-07,1.17363E-06,1.15745E-06,7.18915E-07,3.21715E-07,3.21715E-07,5.55362E-07,1.79729E-07,2.24661E-07,2.92958E-07
Lower_Warriors_Mark_Run ,Warriors_Mark_Run ,4,6032021,Grab,134-TVFF21,TVFF21-004,905.7,0.549557522,1648.05314,0,0,0,0,0,0,0,1.15288E-06,4.38699E-07,1.51694E-07,1.72931E-07,0.000112557,1.12254E-07,1.51694E-05,1.51694E-06,1.57762E-06,6.06777E-08,2.44531E-05,1.21355E-07,3.03388E-07,7.31166E-07,0,1.0922E-06,1.35008E-06,1.75965E-06,4.24744E-08,1.94168E-07,7.31166E-07,0,5.05263E-06,0,4.6115E-06,0,0,0,0,1.33491E-06,2.40405E-06,1.39559E-06,0.000145687,5.04171E-06,6.42576E-07,2.42711E-07,3.53144E-07,9.13805E-07,5.35784E-07,7.9245E-07,7.81528E-07,4.36879E-06,2.17226E-07,2.17226E-07,3.74988E-07,6.06777E-08,1.51694E-07,1.97809E-07
Upper_Warriors_Mark_Run ,Warriors_Mark_Run ,5,6032021,Grab,135-TVFF21,TVFF21-005,957.5,0.71011378,1348.375467,0,0,0,0,0,0,0,2.06174E-07,5.36201E-07,1.85408E-07,2.11365E-07,3.70817E-06,1.37202E-07,1.85408E-05,1.85408E-06,0,0,1.66867E-07,3.70817E-07,0,0.000151145,3.05479E-06,2.2249E-07,1.65013E-06,6.60054E-06,5.19143E-08,7.41633E-08,0.000151145,2.47705E-07,6.17558E-06,0,9.96013E-07,2.2249E-07,7.41633E-08,1.1347E-07,3.05479E-06,1.4091E-06,2.93835E-06,4.4498E-07,1.85408E-07,6.16223E-06,7.8539E-07,5.19143E-07,4.31631E-07,1.1169E-06,6.54862E-07,9.68573E-07,9.55224E-07,6.6747E-07,2.65505E-07,2.65505E-07,4.58329E-07,3.70817E-07,1.85408E-07,2.41772E-07
Keith_Nelson,Warriors_Mark_Run ,6,6032021,Grab,136-TVFF21,TVFF21-006,943.9,1.071302149,881.0772954,0,0,0,0,0,0,0,3.15523E-07,8.20586E-07,2.83744E-07,3.23468E-07,4.88039E-06,2.0997E-07,2.83744E-05,2.83744E-06,9.07979E-07,0,7.02549E-05,5.06198E-07,1.13497E-07,0.000231535,0,2.26995E-07,2.52532E-06,6.92334E-06,7.94482E-08,3.63192E-07,0.000231535,1.13497E-07,9.45093E-06,0,4.4264E-06,3.40492E-07,1.29387E-07,1.73651E-07,0,1.02148E-06,4.49677E-06,1.45277E-07,0.000272507,9.4305E-06,1.20194E-06,4.5399E-07,6.60555E-07,1.70927E-06,1.00218E-06,1.48228E-06,1.46185E-06,3.40492E-07,4.06321E-07,4.06321E-07,7.01414E-07,5.66352E-07,2.83744E-07,3.70002E-07
Halfmoon_Creek_By_Bridge ,Halfmoon_Creek ,7,6032021,Grab,137-TVFF21,TVFF21-007,941.1,0.835018963,1127.040273,0,0,0,0,0,0,0,8.8728E-08,6.41503E-07,2.2182E-07,2.52875E-07,5.50113E-06,1.64147E-07,2.2182E-05,2.2182E-06,1.15346E-06,0,1.99638E-07,2.57311E-06,6.21096E-07,0.000180916,3.65471E-06,2.66184E-07,1.9742E-06,4.4364E-07,6.21096E-08,0,0.000180916,2.96351E-07,7.38838E-06,0,3.23857E-05,0,0,0,3.65471E-06,2.66184E-07,3.5154E-06,1.24219E-06,2.2182E-07,7.37241E-06,4.4364E-07,4.4364E-07,5.16397E-07,0,7.83468E-07,1.15879E-06,1.14282E-06,2.04074E-06,3.17646E-07,3.17646E-07,0,3.54912E-07,2.2182E-07,2.89253E-07
Loville,Halfmoon_Creek ,8,6032021,Grab,138-TVFF21,TVFF21-009,944.1,0.981921618,961.4820396,0,0,0,0,0,0,0,1.04006E-07,7.51964E-07,2.60015E-07,2.96417E-07,5.40832E-06,1.92411E-07,2.60015E-05,2.60015E-06,1.04006E-07,2.30894E-07,2.34014E-07,0,1.04006E-07,1.25327E-06,4.28401E-06,3.12018E-07,2.31414E-06,1.93451E-05,7.28043E-08,3.3282E-07,1.25327E-06,1.04006E-07,8.66059E-06,2.60015E-06,6.52118E-05,9.27734E-07,1.04006E-07,1.59129E-07,4.28401E-06,0,4.12072E-06,6.24037E-07,2.60015E-07,8.64187E-06,1.10142E-06,7.28043E-07,6.05316E-07,1.56633E-06,9.18374E-07,1.35832E-06,1.3396E-06,2.70416E-06,3.72342E-07,3.72342E-07,6.42758E-07,3.12018E-07,2.60015E-07,3.3906E-07
Halfmoon_Creek_After_Confluence ,Halfmoon_Creek ,9,6032021,Grab,139-TVFF21,TVFF21-008,914,0.849936789,1075.374089,0,0,0,0,0,0,0,1.30187E-06,6.72324E-07,2.32477E-07,2.65024E-07,2.35267E-05,1.72033E-07,2.32477E-05,2.32477E-06,1.67384E-06,9.29909E-08,2.0923E-07,1.85982E-06,3.71964E-07,1.12054E-06,3.8303E-06,6.50936E-07,2.06905E-06,2.51075E-06,6.50936E-08,9.29909E-08,1.12054E-06,3.1059E-07,7.74335E-06,0,6.82553E-05,8.29479E-07,0,1.42276E-07,3.8303E-06,2.57585E-07,3.6843E-06,4.64954E-07,2.32477E-07,7.72661E-06,9.84774E-07,6.50936E-07,5.41207E-07,1.40044E-06,8.2111E-07,1.21446E-06,1.19772E-06,2.23178E-06,3.32907E-07,3.32907E-07,5.74684E-07,1.85982E-07,2.32477E-07,3.0315E-07
Ag_Progress_Days ,Spruce_Creek,1,6172021,Grab,140-TVFF21,TVFF21-010,1046.2,0.879266751,1189.855068,1.09,0.02,1.61,TVFF21-010,0.109,0.01,0.154,2.52132E-07,6.07637E-07,2.1011E-07,2.39525E-07,3.36175E-06,1.55481E-07,2.1011E-05,2.1011E-06,7.56395E-07,1.86577E-07,2.35323E-06,3.74836E-07,1.68088E-07,1.01273E-06,3.46177E-06,7.56395E-07,1.86998E-06,0,5.88307E-08,2.6894E-07,1.01273E-06,2.80706E-07,6.99833E-06,2.1011E-06,6.58904E-05,7.49671E-07,0,1.28587E-07,3.46177E-06,2.32801E-07,3.32982E-06,2.52132E-07,2.1011E-07,0,8.90024E-07,0,4.89135E-07,1.2657E-06,7.42107E-07,1.09761E-06,1.08248E-06,1.68088E-06,3.00877E-07,3.00877E-07,5.19391E-07,4.19379E-07,2.1011E-07,2.73983E-07
Upper_Spruce_Creek_Church ,Spruce_Creek,2,6172021,Grab,141-TVFF21,TVFF21-011,1003.1,0.948419722,1057.654092,2.39,0.02,3.56,TVFF21-011,0.143,0.01,0.205,2.62846E-07,6.83588E-07,2.36372E-07,2.69464E-07,2.64737E-06,1.74915E-07,2.36372E-05,2.36372E-06,7.56391E-07,0,7.28026E-06,7.56391E-07,1.89098E-07,1.13931E-06,3.89447E-06,2.83647E-07,2.10371E-06,3.78195E-07,6.61842E-08,3.02556E-07,1.13931E-06,3.15793E-07,7.87308E-06,2.36372E-06,4.16961E-05,8.43376E-07,0,1.4466E-07,3.89447E-06,0,3.74603E-06,1.21023E-07,2.36372E-07,7.85607E-06,1.00127E-06,1.89098E-07,5.50274E-07,0,8.34867E-07,0,1.21779E-06,7.56391E-07,3.38485E-07,3.38485E-07,5.84312E-07,4.71799E-07,2.36372E-07,3.08229E-07
George_W_Harvey,Spruce_Creek,3,6172021,Grab,142-TVFF21,TVFF21-012,1001.8,0.859924147,1164.986474,2.57,0.02,3.83,TVFF21-012,0.119,0.01,0.168,8.58379E-08,6.20608E-07,2.14595E-07,2.44638E-07,3.09016E-06,1.588E-07,2.14595E-05,2.14595E-06,7.72541E-07,0,5.57946E-06,4.2919E-07,2.57514E-07,1.03435E-06,3.53566E-06,5.15027E-07,1.90989E-06,5.15027E-07,6.00865E-08,2.74681E-07,1.03435E-06,0,7.14772E-06,0,6.04299E-05,7.65674E-07,0,0,3.53566E-06,1.71676E-07,3.4009E-06,1.09873E-07,2.14595E-07,7.13227E-06,9.09023E-07,2.57514E-07,8.58379E-08,0,7.57949E-07,1.12104E-06,1.10559E-06,1.45924E-06,3.073E-07,3.073E-07,5.30478E-07,4.28331E-07,2.14595E-07,2.79832E-07
Lower_Warriors_Mark_Run ,Warriors_Mark_Run ,4,6172021,Grab,143-TVFF21,TVFF21-013,1008.7,0.904804046,1114.827022,2.69,0.02,4.01,TVFF21-013,0.089,0.01,0.123,8.97E-08,6.48531E-07,2.2425E-07,2.55645E-07,1.2558E-06,1.65945E-07,2.2425E-05,2.2425E-06,7.176E-07,0,6.5481E-06,1.794E-07,4.485E-07,1.08089E-06,3.69474E-06,1.794E-07,1.99583E-06,5.382E-07,6.279E-08,2.8704E-07,1.08089E-06,2.99598E-07,7.46932E-06,0,8.42283E-05,8.00124E-07,0,0,3.69474E-06,1.794E-07,3.55391E-06,1.14816E-07,2.2425E-07,7.45317E-06,9.49923E-07,2.691E-07,8.97E-08,1.794E-07,7.92051E-07,1.17148E-06,1.15534E-06,8.97E-08,3.21126E-07,3.21126E-07,5.54346E-07,4.47603E-07,2.2425E-07,2.92422E-07
Upper_Warriors_Mark_Run ,Warriors_Mark_Run ,5,6172021,Grab,144-TVFF21,TVFF21-014,1001.1,0.811630847,1233.442523,2.06,0.02,3.07,TVFF21-014,0.165,0.01,0.237,1.62148E-07,5.86164E-07,2.02685E-07,2.31061E-07,1.21611E-06,1.49987E-07,2.02685E-05,2.02685E-06,4.86443E-07,1.79984E-07,6.16162E-06,1.62148E-07,4.0537E-07,9.76941E-07,3.33943E-06,4.86443E-07,1.80389E-06,1.13503E-06,5.67517E-08,2.59436E-07,9.76941E-07,2.70787E-07,6.75102E-06,0,5.25359E-05,0,0,0,3.33943E-06,2.43222E-07,3.21215E-06,5.67517E-07,2.02685E-07,6.73643E-06,8.58573E-07,0,4.7185E-07,1.62148E-07,7.15883E-07,0,1.04423E-06,8.91813E-07,2.90245E-07,2.90245E-07,5.01037E-07,4.04559E-07,2.02685E-07,2.64301E-07
Keith_Nelson,Warriors_Mark_Run ,6,6172021,Grab,145-TVFF21,TVFF21-015,1001.7,0.805562579,1243.478814,2.57,0.02,3.83,TVFF21-015,0.099,0.01,0.139,9.65035E-07,5.81433E-07,2.01049E-07,2.29196E-07,1.36713E-06,1.48776E-07,2.01049E-05,2.01049E-06,5.62937E-07,8.04195E-08,8.28321E-06,0,0,9.69056E-07,3.31248E-06,2.41259E-07,1.78933E-06,2.73426E-06,5.62937E-08,2.57343E-07,9.69056E-07,2.68601E-07,6.69654E-06,2.01049E-06,3.72342E-05,0,0,1.23042E-07,3.31248E-06,1.60839E-07,3.18622E-06,1.02937E-07,2.01049E-07,6.68206E-06,8.51643E-07,1.60839E-07,4.68042E-07,4.82517E-07,7.10105E-07,1.05028E-06,1.0358E-06,7.23776E-07,2.87902E-07,2.87902E-07,4.96993E-07,4.01294E-07,2.01049E-07,2.62168E-07
Halfmoon_Creek_By_Bridge ,Halfmoon_Creek ,7,6172021,Grab,146-TVFF21,TVFF21-016,997.8,0.904804046,1102.780215,1.38,0.02,2.05,TVFF21-016,0.137,0.01,0.196,2.5209E-07,6.55616E-07,2.267E-07,2.58438E-07,2.81108E-06,1.67758E-07,2.267E-05,2.267E-06,8.16119E-07,2.01309E-07,1.22418E-05,2.35768E-06,9.06799E-08,1.09269E-06,3.73511E-06,2.7204E-07,2.01763E-06,9.06799E-08,6.34759E-08,2.90176E-07,1.09269E-06,3.02871E-07,7.55092E-06,2.267E-06,9.28562E-05,8.08865E-07,0,1.3874E-07,3.73511E-06,0,3.59274E-06,1.1607E-07,0,7.53459E-06,9.603E-07,9.06799E-08,5.27757E-07,1.36564E-06,8.00704E-07,1.8136E-07,1.16796E-06,2.17632E-06,3.24634E-07,3.24634E-07,5.60402E-07,7.25439E-07,2.267E-07,2.95616E-07
Loville,Halfmoon_Creek ,8,6172021,Grab,147-TVFF21,TVFF21-018,992.5,0.622756005,1593.722087,2.75,0.02,4.1,TVFF21-018,0.089,0.01,0.124,1.25492E-07,4.53655E-07,1.56865E-07,1.78827E-07,5.27068E-06,6.27462E-08,1.56865E-05,1.56865E-06,1.31767E-06,0,7.84327E-06,0,1.25492E-07,7.56092E-07,0,1.88239E-07,1.3961E-06,8.78447E-07,2.50985E-07,7.52954E-07,7.56092E-07,3.07456E-06,3.01182E-06,5.64716E-07,8.42681E-07,5.59696E-07,0,9.60017E-08,0,1.25492E-07,1.25492E-07,2.50985E-07,1.38042E-06,0,6.64482E-07,1.25492E-07,1.38042E-06,0,5.54049E-07,8.19465E-07,8.08171E-07,1.02904E-05,2.24631E-07,2.24631E-07,0,6.27462E-08,1.56865E-07,6.27462E-08
Halfmoon_Creek_After_Confluence ,Halfmoon_Creek ,9,6172021,Grab,148-TVFF21,TVFF21-017,1002.8,0.759418458,1320.484101,1.61,0.02,2.39,TVFF21-017,0.114,0.01,0.161,1.5146E-07,1.5146E-07,1.89325E-07,2.1583E-07,2.12043E-06,1.401E-07,1.89325E-05,1.89325E-06,9.84487E-07,7.57298E-08,1.04507E-05,1.66606E-06,7.57298E-08,9.12544E-07,3.11931E-06,3.02919E-07,1.68499E-06,2.27189E-07,5.30109E-08,7.57298E-08,9.12544E-07,1.06022E-06,6.81568E-07,2.27189E-07,3.57445E-05,0,0,0,3.11931E-06,0,3.00041E-06,1.43887E-06,0.000181752,6.29239E-06,8.01979E-07,7.57298E-08,1.5146E-07,1.14049E-06,6.68694E-07,7.57298E-08,9.754E-07,1.13595E-06,2.71113E-07,2.71113E-07,4.6801E-07,3.02919E-07,1.89325E-07,2.46879E-07
Field Blank 6172021,All ,10,6172021,Grab,149-TVFF21,NA,1000,0.983312263,1016.970944,0,0,0,0,0,0,0,1.96662E-06,7.10935E-07,2.45828E-07,2.80244E-07,1.78963E-05,1.81913E-07,2.45828E-05,2.45828E-06,2.45828E-06,2.18295E-07,1.96662E-07,0,0,1.18489E-06,4.05026E-06,4.91656E-07,2.18787E-06,8.80064E-07,6.88319E-08,9.83312E-08,1.18489E-06,5.89987E-07,8.18804E-06,9.83312E-08,7.48301E-05,8.77115E-07,0,0,4.05026E-06,2.94994E-07,3.89588E-06,1.96662E-07,0.000236093,8.17034E-06,1.04133E-06,9.83312E-08,5.72288E-07,1.48087E-06,8.68265E-07,1.28421E-06,1.26651E-06,1.86829E-06,3.52026E-07,3.52026E-07,0,7.8665E-07,2.45828E-07,3.2056E-07
Ag_Progress_Days ,Spruce_Creek,1,6292021,Grab,150-TVFF21,TVFF21-019/020,923.7,0.929582807,993.6715622,1.38,0.02,2.05,TVFF21-020,0.011,0.01,0.006,5.03184E-07,7.27605E-07,2.51592E-07,2.86815E-07,3.22038E-06,1.86178E-07,2.51592E-05,2.51592E-06,1.20764E-06,0,2.01274E-06,4.4884E-07,4.02547E-07,1.21267E-06,4.14523E-06,3.01911E-07,2.23917E-06,0,7.04458E-08,3.22038E-07,1.21267E-06,4.02547E-07,8.38003E-06,1.00637E-07,5.96777E-05,0,0,1.53974E-07,4.14523E-06,0,3.98723E-06,1.28815E-07,0.000241629,8.36192E-06,1.06574E-06,3.01911E-07,0,1.51559E-06,8.88624E-07,1.31432E-06,1.2962E-06,2.41528E-06,3.6028E-07,3.6028E-07,6.21936E-07,5.02178E-07,2.51592E-07,3.28076E-07
Upper_Spruce_Creek_Church ,Spruce_Creek,2,6292021,Grab,151-TVFF21,TVFF21-021/022,1006.8,0.772060683,1304.042574,2.57,0.02,3.83,TVFF21-022,0.015,0.01,0.013,3.29744E-06,5.5443E-07,1.91712E-07,2.18551E-07,4.90782E-06,1.41867E-07,1.91712E-05,1.91712E-06,8.43531E-07,1.7024E-07,4.29434E-06,6.13477E-07,0,9.2405E-07,0,3.06738E-07,1.70623E-06,0,5.36792E-08,2.45391E-07,9.2405E-07,2.56127E-07,6.38553E-06,0,5.9814E-05,6.84027E-07,0,0,0,2.12416E-07,3.03824E-06,5.36792E-07,0.00018412,0,8.1209E-07,7.66846E-08,4.46304E-07,1.15487E-06,6.77125E-07,1.0015E-06,9.87698E-07,4.60108E-07,2.74531E-07,2.74531E-07,4.73911E-07,3.82656E-07,1.91712E-07,2.49992E-07
George_W_Harvey,Spruce_Creek,3,6292021,Grab,152-TVFF21,TVFF21-023/024,1003.7,0.808849558,1240.898249,2.59,0.02,3.87,TVFF21-024,0.02,0.01,0.02,2.24031E-07,5.82642E-07,2.01467E-07,2.29672E-07,4.91579E-06,1.49086E-07,2.01467E-05,2.01467E-06,8.86455E-07,1.78903E-07,4.02934E-06,3.22347E-07,8.05868E-08,9.71071E-07,3.31937E-06,4.02934E-07,1.79306E-06,1.61174E-07,5.64107E-08,2.57878E-07,9.71071E-07,2.6916E-07,6.71046E-06,0,4.85938E-05,7.18834E-07,8.05868E-08,0,3.31937E-06,1.12821E-06,3.19285E-06,4.02934E-07,0,6.69596E-06,8.53414E-07,3.22347E-07,4.69015E-07,1.21364E-06,7.11581E-07,1.05246E-06,1.03796E-06,1.53115E-06,2.88501E-07,2.88501E-07,4.98026E-07,4.02128E-07,2.01467E-07,2.62713E-07
Lower_Warriors_Mark_Run ,Warriors_Mark_Run ,4,6292021,Grab,153-TVFF21,TVFF21-025/026,1004.9,0.752591656,1335.252646,1.75,0.02,2.6,TVFF21-026,0.017,0.01,0.016,7.48922E-08,5.41471E-07,1.8723E-07,2.13443E-07,1.89477E-05,1.38551E-07,1.8723E-05,1.8723E-06,2.09698E-06,0,2.99569E-06,1.49784E-07,0,9.02451E-07,0,2.24677E-07,1.66635E-06,1.49784E-07,5.24245E-08,2.39655E-07,9.02451E-07,0,6.23627E-06,0,2.74105E-05,6.68038E-07,0,0,0,6.7403E-07,2.96723E-06,1.49784E-07,0,6.22279E-06,7.93108E-07,2.24677E-07,4.35873E-07,1.12788E-06,6.61298E-07,9.78092E-07,9.64611E-07,1.42295E-06,2.68114E-07,2.68114E-07,4.62834E-07,3.73712E-07,1.8723E-07,2.44149E-07
Upper_Warriors_Mark_Run ,Warriors_Mark_Run ,5,6292021,Grab,154-TVFF21,TVFF21-027/028,983.2,0.837420986,1174.080918,2.28,0.02,3.4,TVFF21-028,0.02,0.01,0.02,6.81384E-07,6.15801E-07,2.12933E-07,1.41387E-05,4.51417E-06,1.5757E-07,2.12933E-05,2.12933E-06,7.66557E-07,1.89084E-07,3.83279E-06,1.70346E-07,8.5173E-08,1.02633E-06,0,3.40692E-07,1.8951E-06,8.5173E-08,5.96211E-08,2.72554E-07,1.02633E-06,0,7.09236E-06,0,4.53972E-05,7.59743E-07,0,0,0,2.55519E-07,3.37455E-06,1.09021E-07,0.0002045,7.07702E-06,9.01982E-07,2.55519E-07,4.95707E-07,0,7.52078E-07,1.11236E-06,1.09703E-06,4.00313E-06,0,3.04919E-07,5.26369E-07,4.25013E-07,2.12933E-07,2.77664E-07
Keith_Nelson,Warriors_Mark_Run ,6,6302021,Grab,155-TVFF21,TVFF21-029/030,922.4,0.794184576,1161.442853,3.14,0.02,4.68,TVFF21-030,0.03,0.01,0.036,2.39357E-07,6.22502E-07,2.1525E-07,1.8081E-05,1.1193E-05,1.59285E-07,2.1525E-05,2.1525E-06,1.4637E-06,1.91142E-07,7.57678E-06,0,2.58299E-07,0.000175557,3.54645E-06,1.722E-07,1.91572E-06,1.722E-06,6.02699E-08,2.75519E-07,0.000175557,2.87573E-07,7.16953E-06,0,3.41816E-05,0,8.60998E-08,1.31733E-07,3.54645E-06,3.44399E-07,3.41127E-06,3.44399E-07,0,7.15403E-06,9.11797E-07,1.722E-07,5.01101E-07,0,7.60261E-07,3.44399E-07,1.10897E-06,1.8081E-06,3.08237E-07,1.722E-07,5.32097E-07,4.29638E-07,2.1525E-07,2.80685E-07
Halfmoon_Creek_By_Bridge ,Halfmoon_Creek ,7,6302021,Grab,156-TVFF21,TVFF21-031/032,1001.4,0.824020228,1215.261429,1.41,0.02,2.09,TVFF21-032,0.091,0.01,0.127,3.29147E-07,5.94934E-07,2.05717E-07,2.34517E-07,8.7224E-06,1.52231E-07,2.05717E-05,2.05717E-06,1.97488E-06,0,8.96926E-06,2.05717E-06,0,9.91556E-07,3.38939E-06,2.4686E-07,1.83088E-06,7.36467E-07,5.76008E-08,8.22868E-08,9.91556E-07,2.74838E-07,8.22868E-08,0,1.10511E-06,7.33998E-07,8.22868E-08,0,3.38939E-06,6.58295E-07,3.2602E-06,9.05155E-07,0.000197571,6.83721E-06,8.71417E-07,1.64574E-07,4.78909E-07,1.23924E-06,7.26593E-07,1.07467E-06,1.05985E-06,1.72802E-06,2.94587E-07,2.94587E-07,5.08533E-07,2.4686E-07,2.05717E-07,2.68255E-07
Loville,Halfmoon_Creek ,8,6302021,Grab,157-TVFF21,TVFF21-033/034,1007.6,0.740707965,1360.32019,2.77,0.02,4.14,TVFF21-034,0.04,0.01,0.05,7.35121E-08,5.31493E-07,1.8378E-07,2.09509E-07,3.23453E-06,1.35997E-07,1.8378E-05,1.8378E-06,7.35121E-07,0,7.57175E-06,3.27864E-07,1.47024E-07,8.85821E-07,3.02796E-06,7.35121E-08,1.63564E-06,8.82145E-07,5.14585E-08,0,8.85821E-07,2.4553E-07,6.12135E-06,1.8378E-06,9.87268E-07,6.55728E-07,0,1.12474E-07,3.02796E-06,2.03629E-07,2.91255E-06,2.27888E-06,1.8378E-07,6.10812E-06,7.78493E-07,1.47024E-07,4.2784E-07,1.10709E-06,6.49112E-07,9.60068E-07,9.46836E-07,1.17619E-06,2.63173E-07,2.63173E-07,4.54305E-07,3.66825E-07,1.8378E-07,2.39649E-07
Halfmoon_Creek_After_Confluence ,Halfmoon_Creek ,9,6302021,Grab,158-TVFF21,TVFF21-035/036,1000.3,0.945385588,1058.086788,1.71,0.02,2.54,TVFF21-036,0.071,0.01,0.097,2.62738E-07,6.83309E-07,2.36276E-07,2.69354E-07,1.13412E-05,1.74844E-07,2.36276E-05,2.36276E-06,1.13412E-06,0,1.03961E-05,1.41765E-06,9.45102E-08,1.13885E-06,3.89288E-06,2.83531E-07,2.10285E-06,1.8902E-07,6.61571E-08,9.45102E-08,1.13885E-06,3.15664E-07,7.86986E-06,2.36276E-06,7.74984E-05,0,0,0,3.89288E-06,2.61793E-07,3.74449E-06,2.83531E-06,2.36276E-07,0,1.00086E-06,9.45102E-08,5.50049E-07,0,8.34525E-07,1.2343E-06,1.21729E-06,1.79569E-06,3.38347E-07,3.38347E-07,5.84073E-07,9.45102E-08,2.36276E-07,3.08103E-07
Field Blank_6292021_6302021,All ,10,6302021,Grab,159-TVFF21,Field Blank_6292021_6302021,1020.2,0.981036662,1039.920361,0,0,0,0,0,0,0,5.76967E-07,6.95246E-07,2.40403E-07,2.74059E-07,3.23102E-05,1.77898E-07,2.40403E-05,2.40403E-06,3.65413E-06,2.13478E-07,9.61612E-08,0,6.41395E-07,1.15874E-06,0,9.61612E-07,2.13959E-06,2.88484E-07,6.73128E-08,3.07716E-07,1.15874E-06,0,8.00734E-06,2.40403E-06,7.12555E-05,8.57758E-07,0,1.47127E-07,0,2.66367E-07,3.80991E-06,1.23086E-07,2.40403E-07,9.61612E-08,1.01835E-06,9.61612E-08,5.59658E-07,1.44819E-06,8.49103E-07,1.25587E-06,1.23856E-06,3.75029E-06,0,3.44257E-07,5.94276E-07,4.79844E-07,2.40403E-07,3.13486E-07
Ag_Progress_Days ,Spruce_Creek,1,7152021,Grab,160-TVFF21,TVFF21-055/056,1009.2,1.165233881,866.092221,1.43,0.02,2.13,TVFF21-055,0.018,0.01,0.017,1.15461E-07,8.34784E-07,2.88653E-07,3.29064E-07,6.2349E-06,2.13603E-07,2.88653E-05,2.88653E-06,1.38553E-06,0,5.77306E-06,5.14957E-07,3.46383E-07,0.000235425,4.75584E-06,6.92767E-07,2.56901E-06,3.46383E-07,8.08228E-08,1.15461E-07,0.000235425,3.8564E-07,9.61445E-06,0,7.38951E-06,0,0,1.76656E-07,4.75584E-06,0,4.57457E-06,1.4779E-07,2.88653E-07,9.59367E-06,1.22273E-06,2.30922E-07,6.71984E-07,1.73884E-06,1.01952E-06,1.50792E-06,1.48714E-06,1.15461E-06,4.13351E-07,4.13351E-07,7.1355E-07,5.76151E-07,2.88653E-07,3.76403E-07
Upper_Spruce_Creek_Church ,Spruce_Creek,2,7152021,Grab,161-TVFF21,TVFF21-057/058,1002,1.014664981,987.5180663,2.42,0.02,3.61,TVFF21-057,0.026,0.01,0.03,2.63286E-06,7.32139E-07,2.5316E-07,2.88602E-07,6.91633E-05,1.87338E-07,2.5316E-05,2.5316E-06,9.11376E-07,0,5.36699E-06,9.11376E-07,3.03792E-07,1.22023E-06,0,3.03792E-07,2.25312E-06,1.01264E-07,7.08848E-08,0,1.22023E-06,3.38222E-07,8.43225E-06,2.5316E-06,3.24045E-06,0,0,0,0,0,4.01208E-06,1.15441E-05,2.5316E-07,1.01264E-07,1.07239E-06,2.02528E-07,5.89356E-07,1.52504E-06,8.94161E-07,1.32251E-06,1.30428E-06,1.72149E-06,3.62525E-07,3.62525E-07,6.25811E-07,5.05307E-07,2.5316E-07,3.30121E-07
George_W_Harvey,Spruce_Creek,3,7152021,Grab,162-TVFF21,TVFF21-059/060,996.8,1.384070796,720.1943736,2.39,0.02,3.56,TVFF21-059,0.027,0.01,0.03,2.77703E-07,1.0039E-06,3.47129E-07,3.95727E-07,1.73564E-05,2.56875E-07,3.47129E-05,3.47129E-06,0,0,6.66487E-06,4.16554E-07,4.16554E-07,1.67316E-06,5.71929E-06,4.16554E-07,3.08944E-06,1.38851E-07,0,4.44324E-07,1.67316E-06,2.77703E-07,1.15622E-05,0,4.45713E-05,1.23855E-06,0,0,5.71929E-06,4.16554E-07,5.50129E-06,1.7773E-07,3.47129E-07,1.15372E-05,1.47044E-06,2.77703E-07,8.08115E-07,2.0911E-06,1.22606E-06,1.8134E-06,1.78841E-06,1.80507E-06,4.97088E-07,4.97088E-07,8.58102E-07,6.92869E-07,3.47129E-07,4.52656E-07
Lower_Warriors_Mark_Run ,Warriors_Mark_Run ,4,7152021,Grab,163-TVFF21,TVFF21-061/062,992.8,0.971554994,1021.867013,2.05,0.02,3.05,TVFF21-061,0.026,0.01,0.029,5.87161E-07,7.07528E-07,2.4465E-07,2.78901E-07,6.16519E-06,1.81041E-07,2.4465E-05,2.4465E-06,2.25078E-06,9.78601E-08,4.69728E-06,1.9572E-07,2.9358E-07,1.17921E-06,0,2.9358E-07,2.17739E-06,1.9572E-07,0,9.78601E-08,1.17921E-06,4.59942E-06,4.50156E-06,1.17432E-06,0.000117236,8.72912E-07,9.78601E-08,9.78601E-08,0,4.893E-07,3.87722E-06,2.9358E-07,3.22938E-06,1.9572E-07,1.03634E-06,9.78601E-08,1.76148E-06,1.47377E-06,8.64105E-07,1.27805E-06,1.26044E-06,5.87161E-07,3.50339E-07,3.50339E-07,0,1.9572E-07,2.4465E-07,0
Upper_Warriors_Mark_Run ,Warriors_Mark_Run ,5,7152021,Grab,164-TVFF21,TVFF21-063/064,1013,1.179393173,858.9162827,1.73,0.02,2.56,TVFF21-063,0.023,0.01,0.025,3.23664E-07,8.41758E-07,2.91064E-07,3.31813E-07,5.23916E-06,2.15388E-07,2.91064E-05,2.91064E-06,1.62996E-06,2.58465E-07,5.35559E-06,2.32852E-07,1.16426E-07,1.40293E-06,4.79558E-06,3.49277E-07,2.59047E-06,0,0,1.16426E-07,1.40293E-06,1.39711E-06,1.16426E-07,3.49277E-07,4.00505E-05,1.03852E-06,0,0,4.79558E-06,2.32852E-07,4.61279E-06,4.65703E-07,0.000278956,9.67382E-06,1.23295E-06,2.32852E-07,1.16426E-07,1.75337E-06,1.02804E-06,0,1.49956E-06,8.1498E-07,4.16804E-07,4.16804E-07,7.19511E-07,5.82129E-07,2.91064E-07,3.79548E-07
Keith_Nelson,Warriors_Mark_Run ,6,7152021,Grab,165-TVFF21,TVFF21-065/066,989.7,0.884576485,1118.840504,2.43,0.02,3.62,TVFF21-065,0.112,0.01,0.158,4.46891E-07,6.46205E-07,2.23446E-07,2.54728E-07,2.50259E-06,1.6535E-07,2.23446E-05,2.23446E-06,1.07254E-06,0,7.59715E-06,0,0,1.07701E-06,3.68149E-06,1.78756E-07,1.98867E-06,1.16192E-06,6.25648E-08,2.8601E-07,1.07701E-06,3.57513E-07,7.44253E-06,8.93782E-08,5.80065E-05,0,0,0,3.68149E-06,8.93782E-07,3.54117E-06,1.78756E-06,0.000214597,8.93782E-08,9.46516E-07,2.68135E-07,5.20181E-07,0,7.8921E-07,8.93782E-08,1.15119E-06,8.93782E-07,3.19974E-07,3.19974E-07,5.52358E-07,4.45997E-07,2.23446E-07,2.91373E-07
Halfmoon_Creek_By_Bridge ,Halfmoon_Creek ,7,7152021,Grab,166-TVFF21,TVFF21-067/068,996.4,1.134513274,878.2620907,1.9,0.02,2.82,TVFF21-067,0.045,0.01,0.058,3.16534E-07,8.23217E-07,2.84653E-07,3.24504E-07,2.1292E-05,2.10643E-07,2.84653E-05,2.84653E-06,1.13861E-06,0,1.69653E-05,5.00989E-06,2.27722E-07,1.37203E-06,4.68994E-06,2.27722E-07,2.53341E-06,2.27722E-07,7.97029E-08,1.13861E-07,1.37203E-06,2.27722E-07,9.48122E-06,0,7.25296E-05,0,0,0,4.68994E-06,4.21287E-06,4.51118E-06,9.1089E-07,0.000273381,9.46073E-06,1.20579E-06,2.27722E-07,6.62672E-07,0,1.00539E-06,0,1.46653E-06,2.16336E-06,4.07623E-07,4.07623E-07,7.03662E-07,3.41584E-07,2.84653E-07,3.71188E-07
Loville,Halfmoon_Creek ,8,7152021,Grab,167-TVFF21,TVFF21-069/070,988.9,1.015423515,973.8793571,2.7,0.02,4.03,TVFF21-069,0.036,0.01,0.044,2.05364E-07,7.42392E-07,2.56705E-07,2.92644E-07,2.8751E-06,1.89962E-07,2.56705E-05,2.56705E-06,9.24139E-07,2.27954E-07,6.36629E-06,4.57962E-07,3.08046E-07,1.23732E-06,0,3.08046E-07,2.28468E-06,1.23219E-06,7.18775E-08,3.28583E-07,1.23732E-06,3.42958E-07,8.55034E-06,0,7.12614E-05,9.15925E-07,0,0,0,2.84429E-07,4.06827E-06,6.16093E-07,0.00024654,8.53186E-06,1.0874E-06,3.08046E-07,5.9761E-07,1.54639E-06,9.06683E-07,1.34103E-06,1.32255E-06,4.10728E-06,3.67602E-07,3.67602E-07,6.34576E-07,5.12384E-07,2.56705E-07,3.34744E-07
Halfmoon_Creek_After_Confluence ,Halfmoon_Creek ,9,7152021,Grab,168-TVFF21,TVFF21-071/072,1024.8,1.286346397,796.6749877,1.87,0.02,2.77,TVFF21-071,0.048,0.01,0.062,3.4895E-07,9.07522E-07,3.13804E-07,3.57737E-07,2.83679E-05,2.32215E-07,3.13804E-05,3.13804E-06,1.1297E-06,1.25522E-07,1.53136E-05,4.26774E-06,2.51043E-07,1.51254E-06,5.17024E-06,3.76565E-07,2.79286E-06,3.76565E-07,8.78652E-08,4.01669E-07,1.51254E-06,2.51043E-07,1.04522E-05,0,1.84517E-05,0,0,1.92048E-07,5.17024E-06,1.25522E-07,4.97317E-06,5.02087E-07,0,1.25522E-07,1.32927E-06,2.51043E-07,7.30536E-07,1.89036E-06,1.10836E-06,1.63931E-06,1.61672E-06,1.63178E-06,4.49368E-07,4.49368E-07,7.75724E-07,8.78652E-07,3.13804E-07,4.09201E-07
Field Blank 7/15/21,All ,10,7152021,Grab,169-TVFF21,,977.3,1.32920354,735.2523301,0,0,0,0,0,0,0,0,9.83336E-07,3.40019E-07,3.87622E-07,9.65655E-06,2.51614E-07,3.40019E-05,3.40019E-06,2.31213E-06,3.01937E-07,2.72015E-07,0,9.07172E-07,1.63889E-06,0,6.39236E-06,3.02617E-06,1.21727E-06,9.52054E-08,4.35225E-07,1.63889E-06,1.36008E-07,1.13254E-05,3.40019E-06,0.000106086,1.21319E-06,0,2.08092E-07,0,0,5.38863E-06,1.7409E-07,0.000326555,1.13009E-05,1.44032E-06,2.72015E-07,7.91565E-07,2.04828E-06,1.20095E-06,1.77626E-06,1.75178E-06,2.99217E-06,4.86908E-07,4.86908E-07,8.40528E-07,6.78679E-07,3.40019E-07,4.43385E-07
Ag_Progress_Days ,Spruce_Creek,1,7302021,Grab,180-TVFF21,TVFF21-073/074,954.8,1.082427307,882.0915676,1.65,0.02,2.45,TVFF21-073,0.013,0.01,0.01,0,8.19643E-07,2.83417E-07,3.23096E-07,4.08121E-06,1.13367E-07,2.83417E-05,2.83417E-06,3.28764E-06,3.40101E-07,2.72081E-06,1.13367E-07,2.26734E-07,1.36607E-06,4.66958E-06,4.53468E-07,2.52241E-06,0,5.66835E-07,1.7005E-06,1.36607E-06,3.28764E-06,2.94754E-06,1.13367E-06,2.60744E-06,0,0,2.26734E-07,4.66958E-06,1.13367E-07,4.4916E-06,5.66835E-07,7.48222E-06,0,1.20056E-06,1.13367E-07,6.59795E-07,1.13367E-07,1.00103E-06,1.48057E-06,1.46017E-06,1.81387E-06,4.05854E-07,4.05854E-07,0,4.53468E-07,2.83417E-07,1.13367E-07
Upper_Spruce_Creek_Church ,Spruce_Creek,2,7302021,Grab,181-TVFF21,TVFF21-075/076,957.3,0.836662453,1144.189029,2.63,0.02,3.93,TVFF21-075,0.013,0.01,0.01,5.24389E-07,6.31889E-07,2.18495E-07,2.49085E-07,7.86583E-06,1.61687E-07,2.18495E-05,2.18495E-06,1.57317E-06,1.94024E-07,3.75812E-06,4.36991E-07,0,1.05315E-06,3.59993E-06,3.49593E-07,1.94461E-06,7.82213E-07,0,8.73981E-08,1.05315E-06,4.36991E-07,1.74796E-07,1.74796E-07,7.07925E-06,7.79591E-07,0,0,3.59993E-06,8.73981E-08,3.46271E-06,6.11787E-07,2.09756E-06,0,9.25546E-07,3.49593E-07,8.73981E-08,0,7.71726E-07,1.14142E-06,1.12569E-06,1.13618E-06,3.12885E-07,3.12885E-07,5.40121E-07,5.24389E-07,2.18495E-07,0
George_W_Harvey,Spruce_Creek,3,7302021,Grab,182-TVFF21,TVFF21-077/078,989.7,1.266750948,781.2901199,2.55,0.02,3.81,TVFF21-077,0.016,0.01,0.014,2.55987E-07,9.25392E-07,3.19984E-07,3.64781E-07,9.21553E-06,2.36788E-07,3.19984E-05,3.19984E-06,1.79191E-06,1.27993E-07,4.60776E-06,2.55987E-07,1.27993E-07,1.54232E-06,5.27205E-06,5.11974E-07,2.84785E-06,0,0,4.09579E-07,1.54232E-06,3.8398E-07,1.0658E-05,1.27993E-07,5.72131E-05,1.1417E-06,0,0,5.27205E-06,3.8398E-07,5.0711E-06,1.40793E-06,0.000307312,1.0635E-05,1.35545E-06,5.11974E-07,7.44922E-07,1.92758E-06,1.13018E-06,1.67159E-06,1.64856E-06,6.39967E-07,4.58216E-07,4.58216E-07,7.90999E-07,5.11974E-07,3.19984E-07,4.17259E-07
Lower_Warriors_Mark_Run ,Warriors_Mark_Run ,4,7302021,Grab,183-TVFF21,TVFF21-079/080,955.3,0.891782554,1071.225262,1.92,0.02,2.86,TVFF21-079,0.017,0.01,0.015,3.73404E-07,6.74928E-07,2.33378E-07,2.6605E-07,8.5883E-06,1.72699E-07,2.33378E-05,2.33378E-06,1.49362E-06,9.3351E-08,2.98723E-06,9.3351E-08,6.53457E-07,1.12488E-06,3.84513E-06,3.73404E-07,2.07706E-06,0,6.53457E-08,2.98723E-07,1.12488E-06,3.11792E-07,7.77334E-06,0,2.87521E-05,8.32691E-07,0,0,3.84513E-06,1.02686E-06,3.69857E-06,1.19489E-07,0.000223389,7.75654E-06,9.88588E-07,2.80053E-07,5.43303E-07,1.40587E-06,8.2429E-07,1.21916E-06,1.20236E-06,9.3351E-07,3.34197E-07,3.34197E-07,5.76909E-07,4.66755E-07,2.33378E-07,3.04324E-07
Upper_Warriors_Mark_Run ,Warriors_Mark_Run ,5,7302021,Grab,184-TVFF21,TVFF21-081/082,944.2,0.863843236,1093.022392,1.5,0.02,2.23,TVFF21-081,0.015,0.01,0.012,3.65958E-07,6.61469E-07,2.28724E-07,2.60745E-07,4.94043E-06,1.69255E-07,2.28724E-05,2.28724E-06,1.28085E-06,2.03107E-07,2.74468E-06,9.14894E-08,2.74468E-07,1.10245E-06,3.76845E-06,2.74468E-07,2.03564E-06,0,6.40426E-08,2.92766E-07,1.10245E-06,9.14894E-08,7.61833E-06,9.14894E-08,4.08043E-05,8.16086E-07,0,0,3.76845E-06,3.65958E-07,3.62481E-06,2.74468E-07,0.000219666,7.60186E-06,9.68873E-07,2.74468E-07,5.32469E-07,1.37783E-06,8.07852E-07,1.19485E-06,1.17838E-06,8.23405E-07,3.27532E-07,3.27532E-07,5.65405E-07,3.65958E-07,2.28724E-07,2.98256E-07
Keith_Nelson,Warriors_Mark_Run ,6,7302021,Grab,185-TVFF21,TVFF21-083/084,946.6,0.963337547,982.6254597,2.26,0.02,3.36,TVFF21-083,0.031,0.01,0.037,3.05305E-07,7.35784E-07,2.5442E-07,2.90039E-07,3.86719E-06,1.88271E-07,2.5442E-05,2.5442E-06,1.01768E-06,0,7.32731E-06,4.53886E-07,1.01768E-07,1.22631E-06,4.19183E-06,4.07073E-07,2.26434E-06,6.10609E-07,7.12377E-08,3.25658E-07,1.22631E-06,3.39906E-07,8.47424E-06,0,3.84684E-05,0,0,0,4.19183E-06,1.01768E-07,4.03206E-06,6.10609E-07,0.000244244,8.45592E-06,1.07772E-06,4.07073E-07,0,0,8.98613E-07,1.32909E-06,1.31077E-06,1.11945E-06,3.6433E-07,3.6433E-07,6.28927E-07,5.07823E-07,2.5442E-07,3.31764E-07
Halfmoon_Creek_By_Bridge ,Halfmoon_Creek ,7,7302021,Grab,186-TVFF21,TVFF21-085/086,950.9,0.843994943,1126.665518,1.78,0.02,2.65,TVFF21-085,0.053,0.01,0.069,8.87575E-08,6.41717E-07,2.21894E-07,2.52959E-07,1.14497E-05,1.64201E-07,2.21894E-05,2.21894E-06,8.87575E-07,1.97042E-07,3.5503E-06,2.13018E-06,0,1.06953E-06,3.65592E-06,5.32545E-07,1.97485E-06,1.77515E-07,6.21302E-08,2.84024E-07,1.06953E-06,0,7.39084E-06,0,1.19201E-06,0,0,0,3.65592E-06,4.43787E-07,3.51657E-06,7.98817E-07,0.000213018,7.37486E-06,9.39942E-07,2.66272E-07,5.16569E-07,1.33669E-06,7.83729E-07,3.5503E-07,1.1432E-06,2.04142E-06,3.17752E-07,3.17752E-07,5.48521E-07,1.2426E-06,2.21894E-07,0
Loville,Halfmoon_Creek ,8,7302021,Grab,187-TVFF21,TVFF21-087/88,946.9,1.008723135,938.7114929,2.76,0.02,4.11,TVFF21-087,0.038,0.01,0.047,1.06529E-07,7.70205E-07,2.66323E-07,2.30103E-05,9.80067E-06,1.97079E-07,2.66323E-05,2.66323E-06,1.17182E-06,1.06529E-07,3.72852E-06,4.75119E-07,0,1.28367E-06,4.38793E-06,3.19587E-07,2.37027E-06,4.26116E-07,7.45703E-08,3.40893E-07,1.28367E-06,0,2.13058E-07,0,5.53951E-05,9.50239E-07,0,0,4.38793E-06,1.06529E-07,4.22068E-06,4.26116E-07,2.66323E-07,8.85149E-06,1.12814E-06,4.26116E-07,6.19999E-07,1.60433E-06,9.40651E-07,1.39127E-06,1.37209E-06,1.38488E-05,0,3.81374E-07,6.58349E-07,5.3158E-07,2.66323E-07,3.47285E-07
Halfmoon_Creek_After_Confluence ,Halfmoon_Creek ,9,7302021,Grab,188-TVFF21,TVFF21-089/90,946,0.983817952,961.5600102,1.89,0.02,2.81,TVFF21-089,0.048,0.01,0.063,4.15991E-07,7.51903E-07,2.59994E-07,2.96393E-07,9.35979E-06,1.92396E-07,2.59994E-05,2.59994E-06,1.24797E-06,2.30875E-07,4.4719E-06,1.76796E-06,0,0.000212363,4.28366E-06,5.19988E-07,2.31395E-06,1.03998E-07,7.27984E-08,3.32793E-07,0.000212363,3.47352E-07,8.65989E-06,2.59994E-06,1.39669E-06,9.27659E-07,0,0,4.28366E-06,5.19988E-07,4.12039E-06,3.63992E-06,0.000249698,8.64117E-06,1.10134E-06,3.11993E-07,6.05266E-07,1.5662E-06,9.18299E-07,1.03998E-07,1.33949E-06,2.49594E-06,3.72312E-07,3.72312E-07,6.42706E-07,1.76796E-06,2.59994E-07,0
Field Blank_7302021,All ,10,7302021,Grab,189-TVFF21,- ,931.1,1.087989886,855.7983966,0,0,0,0,0,0,0,5.8425E-07,8.44825E-07,2.92125E-07,3.33022E-07,1.33209E-05,2.16172E-07,2.92125E-05,2.92125E-06,4.79085E-06,2.59407E-07,1.1685E-07,0,7.79389E-07,1.40804E-06,4.81305E-06,1.05165E-06,2.59991E-06,1.04581E-06,8.1795E-08,3.7392E-07,1.40804E-06,0,9.7301E-06,1.1685E-07,3.33022E-05,1.0423E-06,0,0,4.81305E-06,3.23674E-07,4.6296E-06,1.49568E-07,0.000280557,9.70906E-06,1.23744E-06,1.1685E-07,6.80067E-07,1.75976E-06,1.03179E-06,1.52606E-06,1.50503E-06,2.45385E-06,4.18323E-07,4.18323E-07,7.22133E-07,1.05165E-06,2.92125E-07,3.80931E-07
Ag_Progress_Days ,Spruce_Creek,1,8122021,Grab,190-TVFF21,TVFF21-0091,987.5,1.000379267,987.1256158,1.6,0.02,2.38,TVFF21-0091,0.014,0.01,0.011,1.62087E-06,7.3243E-07,2.53261E-07,2.88717E-07,9.21868E-06,1.87413E-07,2.53261E-05,2.53261E-06,7.0913E-07,0,2.12739E-06,4.51817E-07,4.05217E-07,1.22072E-06,4.17272E-06,6.07825E-07,2.25402E-06,0,7.0913E-08,3.24174E-07,1.22072E-06,3.38356E-07,8.4356E-06,0,3.728E-05,9.03634E-07,0,1.54995E-07,4.17272E-06,8.10434E-07,4.01367E-06,1.72217E-06,0.000243231,0,1.07281E-06,3.03913E-07,5.89591E-07,1.52564E-06,8.94516E-07,1.01304E-07,1.3048E-06,2.12739E-06,3.62669E-07,3.62669E-07,6.2606E-07,5.05508E-07,2.53261E-07,3.30252E-07
Upper_Spruce_Creek_Church ,Spruce_Creek,2,8122021,Grab,191-TVFF21,TVFF21-0092,980.9,0.961567636,1020.105049,2.67,0.02,3.98,TVFF21-0092,0.013,0.01,0.01,2.94087E-07,7.08751E-07,2.45073E-07,2.79383E-07,8.4305E-06,1.81354E-07,2.45073E-05,2.45073E-06,1.47044E-06,2.17625E-07,3.62708E-06,2.94087E-07,4.90146E-07,1.18125E-06,4.03782E-06,4.90146E-07,2.18115E-06,0,6.86204E-08,3.13693E-07,1.18125E-06,3.27417E-07,8.16288E-06,2.45073E-06,8.61676E-05,8.7442E-07,0,0,4.03782E-06,0,3.88391E-06,1.17635E-06,2.45073E-07,8.14524E-06,1.03813E-06,3.92116E-07,5.70529E-07,1.47632E-06,8.65597E-07,1.28026E-06,1.26262E-06,2.3527E-06,3.50944E-07,3.50944E-07,6.0582E-07,4.89165E-07,2.45073E-07,3.19575E-07
George_W_Harvey,Spruce_Creek,3,8122021,Grab,192-TVFF21,TVFF21-0093,999,0.988242731,1010.88525,2.44,0.02,3.64,TVFF21-0093,0.021,0.01,0.021,2.9677E-07,7.15215E-07,2.47308E-07,2.81931E-07,7.91386E-06,1.83008E-07,2.47308E-05,2.47308E-06,1.08816E-06,0,3.36339E-06,1.97846E-07,0,1.19202E-06,4.07465E-06,7.91386E-07,2.20104E-06,0,6.92462E-08,3.16554E-07,1.19202E-06,3.30403E-07,8.23733E-06,2.47308E-06,6.30141E-05,8.82395E-07,0,0,4.07465E-06,3.95693E-07,3.91934E-06,4.94616E-07,2.47308E-07,8.21953E-06,1.0476E-06,3.95693E-07,5.75733E-07,1.48978E-06,8.73492E-07,1.29194E-06,1.27413E-06,2.17631E-06,3.54145E-07,3.54145E-07,6.11345E-07,4.93627E-07,2.47308E-07,3.2249E-07
Lower_Warriors_Mark_Run ,Warriors_Mark_Run ,4,8122021,Grab,193-TVFF21,TVFF21-0094,991.3,0.81517067,1216.064361,1.75,0.02,2.6,TVFF21-0094,0.017,0.01,0.016,8.22325E-08,5.94541E-07,2.05581E-07,2.34363E-07,9.04557E-06,1.5213E-07,2.05581E-05,2.05581E-06,0,0,1.97358E-06,8.22325E-08,0,9.90902E-07,3.38716E-06,4.11162E-07,1.82967E-06,0,5.75627E-08,2.63144E-07,9.90902E-07,0,6.8475E-06,2.05581E-06,3.30575E-05,7.33514E-07,8.22325E-08,0,3.38716E-06,1.64465E-06,3.25805E-06,1.05258E-07,0.00019744,6.8327E-06,8.70842E-07,2.46697E-07,4.78593E-07,1.23842E-06,7.26113E-07,1.07396E-06,1.05915E-06,1.80911E-06,2.94392E-07,2.94392E-07,5.08197E-07,4.1034E-07,2.05581E-07,2.68078E-07
Upper_Warriors_Mark_Run ,Warriors_Mark_Run ,5,8122021,Grab,194-TVFF21,TVFF21-0095,990.6,1.265613148,782.703626,1.29,0.02,1.91,TVFF21-0095,0.017,0.01,0.016,1.0221E-06,9.23721E-07,3.19406E-07,3.64122E-07,1.827E-05,2.3636E-07,3.19406E-05,3.19406E-06,1.53315E-06,0,2.68301E-06,1.27762E-07,3.83287E-07,1.53954E-06,5.26253E-06,3.83287E-07,2.84271E-06,1.14347E-06,8.94336E-08,4.08839E-07,1.53954E-06,4.26726E-07,1.06388E-05,0,5.30213E-05,1.13964E-06,0,0,5.26253E-06,3.19406E-06,5.06194E-06,1.63536E-07,3.19406E-07,1.06158E-05,1.353E-06,3.83287E-07,7.43576E-07,1.9241E-06,1.12814E-06,1.66858E-06,1.64558E-06,1.91643E-06,4.57389E-07,4.57389E-07,7.89571E-07,6.37534E-07,3.19406E-07,4.16505E-07
Keith_Nelson,Warriors_Mark_Run ,6,8122021,Grab,195-TVFF21,TVFF21-0096,1000.7,0.960556258,1041.792182,2.5,0.02,3.72,TVFF21-0096,0.032,0.01,0.038,5.75931E-07,6.93996E-07,2.39971E-07,2.73567E-07,5.75931E-06,1.77579E-07,2.39971E-05,2.39971E-06,1.24785E-06,0,4.89541E-06,4.28108E-07,0,1.15666E-06,3.95376E-06,2.87965E-07,2.13574E-06,2.87965E-07,6.71919E-08,3.07163E-07,1.15666E-06,3.20601E-07,7.99296E-06,2.39971E-06,0.00010242,8.56217E-07,1.09427E-07,1.46862E-07,3.95376E-06,9.59884E-08,3.80306E-06,2.01576E-06,2.39971E-07,0,1.01652E-06,3.83954E-07,5.58653E-07,0,8.47578E-07,1.25361E-06,1.23633E-06,1.15186E-06,3.43639E-07,3.43639E-07,5.93209E-07,4.78982E-07,2.39971E-07,3.12922E-07
Halfmoon_Creek_By_Bridge ,Halfmoon_Creek ,7,8122021,Grab,196-TVFF21,TVFF21-0097,995.7,0.928824273,1072.000408,1.08,0.02,1.59,TVFF21-0097,0.044,0.01,0.056,7.46268E-07,6.7444E-07,2.33209E-07,2.65858E-07,2.28545E-05,2.79851E-07,2.33209E-05,2.33209E-06,1.6791E-06,2.07089E-07,2.61194E-06,2.14552E-06,9.32835E-08,1.12407E-06,3.84235E-06,3.73134E-07,2.07556E-06,0,1.86567E-07,5.59701E-07,1.12407E-06,2.61194E-06,5.59701E-07,4.66418E-07,6.76306E-05,8.32089E-07,9.32835E-08,1.86567E-07,3.84235E-06,4.66418E-07,1.86567E-07,6.52985E-07,4.01119E-06,0,9.87873E-07,3.73134E-07,3.73134E-07,0,8.23694E-07,1.86567E-07,1.20149E-06,3.07836E-06,3.33955E-07,3.33955E-07,0,2.14552E-06,2.33209E-07,9.32835E-08
Loville,Halfmoon_Creek ,8,8122021,Grab,197-TVFF21,TVFF21-0098,989.8,0.911757269,1085.595952,2.52,0.02,3.75,TVFF21-0098,0.039,0.01,0.048,2.76346E-07,6.65994E-07,2.30288E-07,2.62529E-07,1.25277E-05,1.70413E-07,2.30288E-05,2.30288E-06,1.28961E-06,2.04496E-07,3.5925E-06,0,0,1.10999E-06,3.79423E-06,2.76346E-07,2.04957E-06,1.84231E-07,6.44807E-08,2.94769E-07,1.10999E-06,4.60577E-07,7.67044E-06,9.21153E-08,2.80952E-05,8.21669E-07,1.05011E-07,0,3.79423E-06,1.84231E-07,3.64961E-06,2.67134E-06,0.0002208,7.65386E-06,9.75501E-07,3.68461E-07,9.21153E-08,1.38726E-06,8.13378E-07,1.20303E-06,1.18645E-06,4.97423E-06,3.29773E-07,3.29773E-07,5.69273E-07,4.59655E-07,2.30288E-07,3.00296E-07
Halfmoon_Creek_After_Confluence ,Halfmoon_Creek ,9,8122021,Grab,198-TVFF21,TVFF21-0099,982.1,0.945385588,1038.835384,1.35,0.02,2.01,TVFF21-0099,0.047,0.01,0.061,1.92523E-07,6.95972E-07,2.40654E-07,2.74346E-07,2.05037E-05,1.78084E-07,2.40654E-05,2.40654E-06,1.05888E-06,2.13701E-07,2.88785E-06,1.82897E-06,0,1.15995E-06,3.96502E-06,6.73831E-07,2.14182E-06,1.92523E-07,6.73831E-08,3.08037E-07,1.15995E-06,3.21514E-07,8.01571E-06,0,0.00010069,8.58654E-07,0,0,3.96502E-06,2.88785E-07,3.81389E-06,2.02149E-06,0.000230835,7.99838E-06,1.01941E-06,2.88785E-07,5.60243E-07,1.4497E-06,8.4999E-07,9.62616E-08,1.23985E-06,3.2729E-06,3.44617E-07,3.44617E-07,5.94897E-07,5.7757E-07,2.40654E-07,3.13813E-07
Field Blank_8122021,All ,10,8122021,Grab,199-TVFF21,,987.6,0.983059418,1004.618828,0,0,0,0,0,0,0,1.9908E-07,7.19676E-07,2.48851E-07,2.8369E-07,3.2251E-05,1.84149E-07,2.48851E-05,2.48851E-06,4.18069E-06,0,2.23966E-07,0,6.63933E-07,1.19946E-06,0,1.69218E-06,2.21477E-06,0,6.96782E-08,3.18529E-07,1.19946E-06,9.95402E-08,8.28872E-06,9.95402E-08,3.08575E-06,8.87899E-07,0,0,0,1.19448E-06,3.94378E-06,1.27412E-07,0.000238996,8.2708E-06,1.05413E-06,9.95402E-08,9.95402E-08,0,8.7894E-07,1.3E-06,1.28208E-06,4.18069E-06,3.56354E-07,3.56354E-07,6.15159E-07,2.98621E-07,2.48851E-07,3.24501E-07
Ag_Progress_Days ,Spruce_Creek,1,8272021,Grab,200-TVFF21,TVFF21-0100,987.2,1.148798989,859.3322326,1.59,0.02,2.36,TVFF21-0100,0.015,0.01,0.012,8.14586E-07,8.41351E-07,2.90924E-07,3.31653E-07,7.2149E-06,2.15283E-07,2.90924E-05,2.90924E-06,1.74554E-06,0,4.53841E-06,5.19008E-07,5.81847E-07,1.40225E-06,0,3.49108E-07,2.58922E-06,0,8.14586E-08,3.72382E-07,1.40225E-06,3.88674E-07,9.69008E-06,1.16369E-07,3.73546E-05,1.03802E-06,0,0,0,3.22343E-07,4.61056E-06,1.48953E-07,0.00027917,9.66914E-06,1.23235E-06,3.49108E-07,6.7727E-07,1.75252E-06,1.02754E-06,0,1.49884E-06,1.86191E-06,4.16603E-07,4.16603E-07,7.19163E-07,5.80683E-07,2.90924E-07,3.79364E-07
Upper_Spruce_Creek_Church ,Spruce_Creek,2,8272021,Grab,201-TVFF21,TVFF21-0101,992,0.835271808,1187.637354,2.67,0.02,3.98,TVFF21-0101,0.015,0.01,0.013,2.94703E-06,6.08772E-07,2.10502E-07,2.39972E-07,4.79944E-06,1.55771E-07,2.10502E-05,2.10502E-06,1.09461E-06,1.86926E-07,3.36803E-06,6.73606E-07,0,1.01462E-06,0,6.73606E-07,1.87347E-06,0,5.89406E-08,2.69443E-07,1.01462E-06,2.81231E-07,7.0114E-06,0,1.13082E-06,7.51071E-07,8.42008E-08,0,0,0,3.33604E-06,1.09461E-06,2.10502E-07,6.99624E-06,8.91686E-07,2.52602E-07,4.90049E-07,1.26806E-06,7.43493E-07,1.09966E-06,1.08451E-06,7.57807E-07,3.01439E-07,3.01439E-07,5.20361E-07,4.20162E-07,2.10502E-07,2.74495E-07
George_W_Harvey,Spruce_Creek,3,8272021,Grab,202-TVFF21,TVFF21-0102,988,1.108849558,891.0135671,2.51,0.02,3.75,TVFF21-0102,0.045,0.01,0.057,0,8.11435E-07,2.80579E-07,3.1986E-07,5.61159E-06,2.07629E-07,2.80579E-05,2.80579E-06,1.12232E-06,1.12232E-07,4.15257E-06,3.36695E-07,0,0.000228953,4.62283E-06,3.36695E-07,2.49716E-06,1.12232E-07,7.85622E-08,3.59142E-07,0.000228953,3.74854E-07,9.34554E-06,0,5.43202E-05,0,0,0,4.62283E-06,3.36695E-07,4.44662E-06,1.23455E-06,2.80579E-07,9.32533E-06,1.18853E-06,0,0,1.69021E-06,9.91006E-07,1.46575E-06,1.44554E-06,2.4691E-06,4.0179E-07,4.0179E-07,6.93592E-07,5.60036E-07,2.80579E-07,3.65875E-07
Lower_Warriors_Mark_Run ,Warriors_Mark_Run ,4,8272021,Grab,203-TVFF21,TVFF21-0103,994.2,1.064096081,934.3141261,1.99,0.02,2.96,TVFF21-0103,0.055,0.01,0.073,1.0703E-07,7.7383E-07,2.67576E-07,3.05037E-07,3.96012E-06,1.98006E-07,2.67576E-05,2.67576E-06,1.0703E-06,1.0703E-07,3.42497E-06,2.14061E-07,0,1.28972E-06,4.40858E-06,2.14061E-07,2.38143E-06,3.21091E-07,7.49213E-08,3.42497E-07,1.28972E-06,3.57481E-07,8.91242E-06,0,5.92948E-05,9.54711E-07,0,1.63756E-07,4.40858E-06,4.28122E-07,4.24054E-06,4.28122E-07,2.67576E-07,8.89315E-06,1.13345E-06,2.14061E-07,6.22917E-07,1.61188E-06,9.45078E-07,1.39782E-06,1.37855E-06,5.35152E-07,3.83169E-07,3.83169E-07,6.61448E-07,4.28122E-07,2.67576E-07,3.48919E-07
Upper_Warriors_Mark_Run ,Warriors_Mark_Run ,5,8272021,Grab,204-TVFF21,TVFF21-0104,992.6,0.832237674,1192.688136,1.53,0.02,2.28,TVFF21-0104,0.039,0.01,0.049,8.38442E-08,6.06194E-07,2.09611E-07,2.38956E-07,3.85683E-06,1.55112E-07,2.09611E-05,2.09611E-06,9.22286E-07,0,2.43148E-06,1.67688E-07,1.67688E-07,1.01032E-06,3.45354E-06,2.51533E-07,1.86553E-06,1.67688E-07,5.8691E-08,2.68301E-07,1.01032E-06,2.8004E-07,6.98171E-06,0,5.95294E-05,0,0,1.28282E-07,3.45354E-06,2.09611E-06,3.32191E-06,9.22286E-07,2.09611E-07,0,8.8791E-07,1.67688E-07,4.87973E-07,1.26269E-06,7.40344E-07,1.09501E-06,1.07991E-06,5.8691E-07,3.00162E-07,3.00162E-07,5.18157E-07,4.18383E-07,2.09611E-07,2.73332E-07
Keith_Nelson,Warriors_Mark_Run ,6,8272021,Grab,205-TVFF21,TVFF21-0105,966.6,0.826801517,1169.083486,3.16,0.02,4.71,TVFF21-0105,0.19,0.01,0.276,4.27685E-07,6.18433E-07,2.13843E-07,2.43781E-07,5.47437E-06,1.58244E-07,2.13843E-05,2.13843E-06,0,0,4.36239E-06,3.81495E-07,0,1.03072E-06,3.52327E-06,2.56611E-07,1.9032E-06,6.84297E-07,5.9876E-08,2.73719E-07,1.03072E-06,2.85694E-07,7.12267E-06,2.13843E-06,2.72863E-05,7.62991E-07,0,1.30872E-07,3.52327E-06,4.27685E-07,8.55371E-08,3.42148E-07,0,7.10728E-06,9.05838E-07,1.71074E-07,4.97826E-07,0,7.55293E-07,1.11711E-06,1.10172E-06,1.02645E-06,3.06223E-07,3.06223E-07,5.28619E-07,4.2683E-07,2.13843E-07,2.78851E-07
Halfmoon_Creek_By_Bridge ,Halfmoon_Creek ,7,8272021,Grab,206-TVFF21,TVFF21-0106,957.9,0.803539823,1192.10022,1.64,0.02,2.44,TVFF21-106,0.048,0.01,0.062,5.87199E-07,1.67771E-07,2.09714E-07,2.39074E-07,2.34041E-05,1.55188E-07,2.09714E-05,2.09714E-06,8.38856E-07,1.86226E-07,2.68434E-06,4.52982E-06,0,1.01082E-06,3.45525E-06,4.19428E-07,1.86645E-06,0,5.87199E-08,2.68434E-07,1.01082E-06,2.80178E-07,6.98515E-06,0,2.4159E-05,7.48259E-07,9.56295E-08,0,3.45525E-06,8.38856E-08,3.32355E-06,1.09051E-06,2.09714E-07,6.97005E-06,8.88348E-07,2.51657E-07,4.88214E-07,1.26332E-06,7.4071E-07,1.09555E-06,1.08045E-06,1.25828E-06,3.0031E-07,3.0031E-07,5.18413E-07,4.18589E-07,2.09714E-07,2.73467E-07
Loville,Halfmoon_Creek ,8,8272021,Grab,207-TVFF21,TVFF21-0107,982.5,0.913653603,1075.352844,2.84,0.02,4.23,TVFF21-107,0.077,0.01,0.106,7.43942E-07,6.72337E-07,2.32482E-07,2.65029E-07,4.46365E-06,1.72037E-07,2.32482E-05,2.32482E-06,1.20891E-06,0,3.90569E-06,0,0,1.12056E-06,3.83037E-06,2.78978E-07,2.06909E-06,2.78978E-07,6.50949E-08,2.97577E-07,1.12056E-06,3.10596E-07,7.7435E-06,2.32482E-06,1.24889E-06,8.29495E-07,1.85985E-07,1.42279E-07,3.83037E-06,0,3.68437E-06,9.29927E-07,2.32482E-07,7.72677E-06,9.84793E-07,2.78978E-07,5.41218E-07,1.40047E-06,8.21126E-07,1.21449E-06,1.19775E-06,9.29927E-07,3.32914E-07,3.32914E-07,5.74695E-07,4.64034E-07,2.32482E-07,3.03156E-07
Halfmoon_Creek_After_Confluence ,Halfmoon_Creek ,9,8272021,Grab,208-TVFF21,TVFF21-0108,959.3,0.92136536,1041.172201,1.9,0.02,2.83,TVFF21-108,0.049,0.01,0.063,6.72319E-07,6.9441E-07,2.40114E-07,2.7373E-07,1.63278E-05,1.77684E-07,2.40114E-05,2.40114E-06,1.24859E-06,2.13221E-07,3.07346E-06,3.26555E-06,0,1.15735E-06,3.95612E-06,3.84182E-07,2.13701E-06,0,6.72319E-08,3.07346E-07,1.15735E-06,0,7.99772E-06,0,6.33901E-05,0,9.60456E-08,0,3.95612E-06,2.88137E-07,3.80533E-06,1.44068E-06,2.40114E-07,7.98043E-06,1.01712E-06,2.88137E-07,5.58985E-07,1.44645E-06,8.48083E-07,1.25436E-06,1.23707E-06,1.0565E-06,3.43843E-07,3.43843E-07,5.93562E-07,1.24859E-06,2.40114E-07,3.13109E-07
Field Blank_8272021,All ,10,8272021,Grab,209-TVFF21,Field Blank_8272021,961.4,0.901390645,1066.574193,0,0,0,0,0,0,0,2.81274E-07,6.77871E-07,2.34395E-07,2.67211E-07,4.01285E-05,1.73453E-07,2.34395E-05,2.34395E-06,4.31287E-06,0,9.37581E-08,0,0,1.12979E-06,0,1.21886E-06,2.08612E-06,0,6.56307E-08,3.00026E-07,1.12979E-06,3.13152E-07,7.80724E-06,0,9.00078E-06,8.36323E-07,0,1.4345E-07,0,2.5971E-07,3.7147E-06,1.2001E-07,2.34395E-07,7.79036E-06,9.92899E-07,9.37581E-08,5.45672E-07,1.412E-06,8.27884E-07,1.22448E-06,1.2076E-06,2.15644E-06,3.35654E-07,3.35654E-07,5.79425E-07,4.67853E-07,2.34395E-07,3.05651E-07
Ag_Progress_Days ,Spruce_Creek,1,9092021,Grab,210-TVFF21,TVFF21-0109,976.4,0.97863464,997.7165738,1.41,0.02,2.09,TVFF21-109,0.017,0.01,0.015,4.00915E-07,7.24655E-07,2.50572E-07,2.85652E-07,3.90893E-06,1.85423E-07,2.50572E-05,2.50572E-06,1.10252E-06,2.22508E-07,2.20504E-06,4.47021E-07,4.00915E-07,1.20776E-06,4.12843E-06,4.00915E-07,2.23009E-06,0,7.01602E-08,3.20732E-07,1.20776E-06,3.34764E-07,8.34606E-06,0,2.13487E-05,8.94041E-07,0,1.5335E-07,4.12843E-06,2.77634E-07,3.97107E-06,5.01144E-07,2.50572E-07,8.32802E-06,1.06142E-06,3.00687E-07,5.83332E-07,1.50945E-06,8.85021E-07,1.30899E-06,1.29095E-06,1.10252E-06,3.58819E-07,3.58819E-07,6.19414E-07,5.00142E-07,2.50572E-07,3.26746E-07
Upper_Spruce_Creek_Church ,Spruce_Creek,2,9092021,Grab,211-TVFF21,TVFF21-0110,962.2,0.934134008,1030.044931,2.58,0.02,3.85,TVFF21-110,0.036,0.01,0.044,2.91249E-07,7.01911E-07,2.42708E-07,2.76687E-07,5.14541E-06,1.79604E-07,2.42708E-05,2.42708E-06,8.73748E-07,0,2.81541E-06,7.76665E-07,2.91249E-07,1.16985E-06,3.99885E-06,3.88333E-07,2.1601E-06,3.88333E-07,6.79582E-08,3.10666E-07,1.16985E-06,0,8.08411E-06,0,4.38816E-05,0,0,1.48537E-07,3.99885E-06,2.6892E-07,3.84643E-06,1.24266E-07,2.42708E-07,8.06664E-06,1.02811E-06,1.94166E-07,5.65024E-07,1.46207E-06,8.57244E-07,1.26791E-06,1.25043E-06,2.42708E-06,3.47558E-07,3.47558E-07,5.99974E-07,4.84445E-07,2.42708E-07,3.16491E-07
George_W_Harvey,Spruce_Creek,3,9092021,Grab,212-TVFF21,TVFF21-0111,950.5,1.064728192,892.7161008,2.75,0.02,4.11,TVFF21-111,0.041,0.01,0.052,2.24035E-07,8.09888E-07,2.80044E-07,3.1925E-07,3.69658E-06,1.12018E-07,2.80044E-05,2.80044E-06,2.91246E-06,2.48679E-07,3.92062E-06,5.60088E-07,1.12018E-07,0.000227956,0,3.36053E-07,2.49239E-06,3.36053E-07,4.48071E-07,6.72106E-07,0.000227956,3.36053E-06,7.84124E-07,6.72106E-07,5.54488E-05,0,2.24035E-07,2.24035E-07,0,2.24035E-07,4.43814E-06,4.48071E-07,3.47255E-06,0,1.18627E-06,0,1.12018E-07,0,9.89116E-07,0,1.44279E-06,2.24035E-06,0,4.01023E-07,0,3.36053E-07,2.80044E-07,1.12018E-07
Lower_Warriors_Mark_Run ,Warriors_Mark_Run ,4,9092021,Grab,213-TVFF21,TVFF21-0112,954.4,0.93147914,1024.606949,2.58,0.02,3.85,TVFF21-112,0.028,0.01,0.033,3.90394E-07,7.05636E-07,2.43996E-07,2.78155E-07,2.43996E-06,1.80557E-07,2.43996E-05,2.43996E-06,1.36638E-06,0,3.51354E-06,2.92795E-07,3.90394E-07,0.000199198,4.02008E-06,2.92795E-07,2.17156E-06,5.8559E-07,0,3.12315E-07,0.000199198,6.83189E-07,8.12702E-06,9.75984E-08,3.58186E-05,8.70578E-07,1.11262E-07,0,4.02008E-06,1.95197E-07,3.86685E-06,2.14716E-06,0.000234334,8.10945E-06,1.03357E-06,2.92795E-07,0,1.46983E-06,8.61794E-07,1.27464E-06,1.25707E-06,2.92795E-07,3.49402E-07,3.49402E-07,6.03158E-07,8.78386E-07,2.43996E-07,3.18171E-07
Upper_Warriors_Mark_Run ,Warriors_Mark_Run ,5,9092021,Grab,214-TVFF21,TVFF21-0113,963.2,1.182553729,814.5084459,1.96,0.02,2.92,TVFF21-113,0.026,0.01,0.029,2.45547E-07,8.87652E-07,3.06934E-07,3.49904E-07,2.08715E-06,2.27131E-07,3.06934E-05,3.06934E-06,1.71883E-06,0,3.56043E-06,3.6832E-07,4.91094E-07,1.47942E-06,5.05704E-06,2.45547E-07,2.73171E-06,7.36641E-07,8.59414E-08,3.92875E-07,1.47942E-06,3.6832E-07,1.02233E-05,1.22773E-07,5.3652E-05,0,0,0,5.05704E-06,2.45547E-07,4.86428E-06,8.59414E-07,0.000294779,1.02012E-05,1.30017E-06,2.45547E-07,0,1.84897E-06,1.08409E-06,1.60342E-06,1.58132E-06,6.13867E-07,4.39529E-07,4.39529E-07,7.5874E-07,6.12639E-07,3.06934E-07,4.00241E-07
Keith_Nelson,Warriors_Mark_Run ,6,9092021,Grab,215-TVFF21,TVFF21-0114,954.4,0.859797724,1110.028526,2.51,0.02,3.75,TVFF21-114,0.053,0.01,0.07,9.00878E-08,6.51335E-07,2.25219E-07,2.5675E-07,2.52246E-06,1.66662E-07,2.25219E-05,2.25219E-06,9.00878E-07,1.99995E-07,3.42334E-06,4.01791E-07,2.70263E-07,0.000183779,3.71072E-06,1.80176E-07,2.00445E-06,3.60351E-07,6.30614E-08,2.88281E-07,0.000183779,3.00893E-07,7.50161E-06,2.25219E-06,8.47726E-05,0,0,1.37834E-07,3.71072E-06,9.00878E-08,9.00878E-08,5.40527E-07,0.000216301,7.48539E-06,9.5403E-07,1.80176E-07,5.24311E-07,1.35672E-06,7.95475E-07,1.17655E-06,1.16033E-06,6.30614E-07,3.22514E-07,3.22514E-07,5.56742E-07,4.49538E-07,2.25219E-07,2.93686E-07
Halfmoon_Creek_By_Bridge ,Halfmoon_Creek ,7,9092021,Grab,216-TVFF21,TVFF21-0115,982.8,0.909481669,1080.615513,1.55,0.02,2.29,TVFF21-115,0.051,0.01,0.067,0,6.69063E-07,2.3135E-07,2.63739E-07,3.97921E-06,1.71199E-07,2.3135E-05,2.3135E-06,8.32859E-07,9.25399E-08,2.68366E-06,4.53445E-06,2.7762E-07,1.11511E-06,3.81172E-06,2.7762E-07,2.05901E-06,0,6.47779E-08,2.96128E-07,1.11511E-06,3.09083E-07,7.70579E-06,2.3135E-06,4.48818E-05,8.25455E-07,1.05495E-07,0,3.81172E-06,2.56335E-07,3.66643E-06,7.40319E-07,2.3135E-07,7.68914E-06,9.79997E-07,2.7762E-07,0,1.39365E-06,8.17127E-07,9.25399E-08,1.19191E-06,1.48064E-06,3.31293E-07,3.31293E-07,5.71896E-07,1.11048E-06,2.3135E-07,3.0168E-07
Loville,Halfmoon_Creek ,8,9092021,Grab,217-TVFF21,TVFF21-0116,953.4,0.978761062,974.0886075,2.48,0.02,3.7,TVFF21-116,0.035,0.01,0.043,2.85395E-07,7.42232E-07,2.5665E-07,2.92581E-07,2.77182E-06,1.89921E-07,2.5665E-05,2.5665E-06,1.0266E-06,1.0266E-07,4.1064E-06,0,4.1064E-07,1.23705E-06,4.22857E-06,3.0798E-07,2.28419E-06,1.5399E-06,7.1862E-08,3.28512E-07,1.23705E-06,0,8.5485E-06,0,9.34207E-06,9.15728E-07,0,0,4.22857E-06,2.84368E-07,4.06739E-06,1.74522E-06,2.5665E-07,8.53002E-06,1.08717E-06,3.0798E-07,5.97482E-07,1.54606E-06,9.06488E-07,1.34074E-06,1.32226E-06,6.1596E-07,3.67523E-07,3.67523E-07,6.34439E-07,2.0532E-07,2.5665E-07,3.34672E-07
Halfmoon_Creek_After_Confluence ,Halfmoon_Creek ,9,9092021,Grab,218-TVFF21,TVFF21-0117,999.7,0.991276865,1008.497258,1.75,0.02,2.6,TVFF21-117,0.045,0.01,0.058,2.97472E-07,7.16908E-07,2.47894E-07,2.82599E-07,4.75956E-06,1.83441E-07,2.47894E-05,2.47894E-06,7.93259E-07,0,3.07388E-06,3.56967E-06,9.91574E-08,1.19485E-06,4.08429E-06,2.97472E-07,2.20625E-06,3.9663E-07,6.94102E-08,3.17304E-07,1.19485E-06,0,8.25684E-06,0,4.85871E-05,8.84484E-07,1.13039E-07,1.51711E-07,4.08429E-06,0,3.92862E-06,3.9663E-07,2.47894E-07,8.23899E-06,1.05008E-06,1.98315E-07,5.77096E-07,0,8.7556E-07,9.91574E-08,1.27715E-06,1.3882E-06,3.54984E-07,3.54984E-07,6.12793E-07,1.98315E-07,2.47894E-07,3.23253E-07
Field Blank_9092021,All ,10,9092021,Grab,219-TVFF21,Field Blank_9092021,928.6,0.857269279,1083.206902,0,0,0,0,0,0,0,2.56645E-07,6.67463E-07,2.30796E-07,2.63108E-07,1.02473E-05,1.70789E-07,2.30796E-05,2.30796E-06,3.23115E-06,0,1.84637E-07,4.1174E-07,6.15764E-07,1.11244E-06,3.8026E-06,1.0155E-06,2.05409E-06,8.2625E-07,0,2.95419E-07,1.11244E-06,9.23185E-08,7.68736E-06,0,2.76032E-05,0,0,1.41247E-07,3.8026E-06,2.55722E-07,3.65766E-06,1.18168E-07,2.30796E-07,0,9.77653E-07,9.23185E-08,5.37293E-07,1.39032E-06,8.15172E-07,1.20568E-06,1.18906E-06,2.03101E-06,3.305E-07,3.305E-07,5.70528E-07,1.84637E-07,2.30796E-07,3.00958E-07
Ag_Progress_Days ,Spruce_Creek,1,9302021,Grab,220-TVFF21,TVFF21-0118,990.4,1.252844501,790.5210896,1.18,0.02,1.75,TVFF21-118,0.018,0.01,0.017,2.52998E-07,9.14587E-07,3.16247E-07,3.60522E-07,4.68046E-06,2.52998E-07,3.16247E-05,3.16247E-06,2.90947E-06,1.26499E-07,1.89748E-06,0,1.26499E-07,1.52431E-06,5.21049E-06,3.79497E-07,2.8146E-06,1.26499E-07,5.05995E-07,1.51799E-06,1.52431E-06,2.52998E-07,5.05995E-07,1.13849E-06,4.08591E-05,0,1.26499E-07,2.52998E-07,5.21049E-06,1.26499E-07,5.01188E-06,1.61919E-07,4.17446E-06,0,1.33962E-06,1.26499E-07,6.32494E-07,0,1.11698E-06,0,1.62931E-06,1.39149E-06,4.52866E-07,4.52866E-07,0,2.40348E-06,3.16247E-07,1.26499E-07
Upper_Spruce_Creek_Church ,Spruce_Creek,2,9302021,Grab,221-TVFF21,TVFF21-0119,987.4,1.13653603,868.7802005,2.32,0.02,3.45,TVFF21-119,0.022,0.01,0.023,4.60416E-07,8.32201E-07,2.8776E-07,3.28046E-07,2.53229E-06,2.12942E-07,2.8776E-05,2.8776E-06,1.95677E-06,0,2.64739E-06,8.05727E-07,1.15104E-07,1.387E-06,4.74113E-06,3.45312E-07,2.56106E-06,0,8.05727E-08,1.15104E-07,1.387E-06,1.15104E-06,2.30208E-07,2.30208E-07,1.54585E-06,1.02673E-06,0,0,4.74113E-06,3.18838E-07,4.56042E-06,5.7552E-07,0.000276364,9.56398E-06,1.21895E-06,3.45312E-07,6.69905E-07,0,1.01637E-06,0,1.48254E-06,2.07187E-06,4.12072E-07,4.12072E-07,7.11342E-07,3.45312E-07,2.8776E-07,3.75239E-07
George_W_Harvey,Spruce_Creek,3,9302021,Grab,222-TVFF21,TVFF21-0120,972.7,1.016561315,956.8532519,2.76,0.02,4.12,TVFF21-120,0.025,0.01,0.028,1.0869E-05,7.55602E-07,2.61273E-07,2.97851E-07,4.4939E-06,1.93342E-07,2.61273E-05,2.61273E-06,1.1496E-06,2.3201E-07,2.71724E-06,5.22546E-07,1.04509E-07,1.25934E-06,4.30474E-06,6.27055E-07,2.32533E-06,2.09018E-07,7.31565E-08,3.3443E-07,1.25934E-06,2.09018E-07,8.70248E-06,0,1.40356E-06,0,0,0,4.30474E-06,0,4.14066E-06,4.18037E-07,0,8.68367E-06,1.10675E-06,3.13528E-07,6.08244E-07,1.57391E-06,9.22817E-07,1.36489E-06,1.34608E-06,7.31565E-07,3.74143E-07,3.74143E-07,6.45867E-07,5.21501E-07,2.61273E-07,3.407E-07
Lower_Warriors_Mark_Run ,Warriors_Mark_Run ,4,9302021,Grab,223-TVFF21,TVFF21-0121,984.6,2.24159292,439.241216,2.87,0.02,4.29,TVFF21-121,0.024,0.01,0.026,1.13833E-06,1.64602E-06,5.69163E-07,6.48846E-07,4.32564E-06,4.21181E-07,5.69163E-05,5.69163E-06,3.18731E-06,0,6.82996E-06,9.10661E-07,9.10661E-07,2.74337E-06,9.37754E-06,1.36599E-06,5.06555E-06,2.0376E-06,1.59366E-07,7.28529E-07,2.74337E-06,7.60402E-07,1.89577E-05,0,3.05755E-06,0,0,0,9.37754E-06,6.82996E-07,9.0201E-06,3.18731E-06,0.000546624,1.89167E-05,2.41098E-06,6.82996E-07,1.32501E-06,3.42864E-06,2.01028E-06,2.97331E-06,2.93233E-06,1.82132E-06,8.15042E-07,8.15042E-07,1.40697E-06,1.13605E-06,5.69163E-07,7.42189E-07
Upper_Warriors_Mark_Run ,Warriors_Mark_Run ,5,9302021,Grab,224-TVFF21,TVFF21-0122,993.3,0.845891277,1174.264385,2.32,0.02,3.45,TVFF21-122,0.023,0.01,0.025,2.55479E-07,6.15705E-07,2.12899E-07,2.42705E-07,1.53287E-06,1.57545E-07,2.12899E-05,2.12899E-06,1.02192E-06,0,2.55479E-06,4.25798E-07,8.51597E-08,1.02617E-06,3.50773E-06,4.25798E-07,1.8948E-06,1.70319E-07,5.96118E-08,2.72511E-07,1.02617E-06,8.51597E-08,7.09125E-06,0,1.14369E-06,7.59625E-07,0,1.30294E-07,3.50773E-06,2.35892E-07,3.37403E-06,1.19224E-06,2.12899E-07,0,9.01841E-07,1.70319E-07,4.95629E-07,1.28251E-06,7.5196E-07,1.11219E-06,1.09686E-06,3.40639E-07,3.04872E-07,3.04872E-07,5.26287E-07,4.24947E-07,2.12899E-07,2.77621E-07
Keith_Nelson,Warriors_Mark_Run ,6,9302021,Grab,225-TVFF21,TVFF21-0123,966.2,0.898103666,1075.822354,2.34,0.02,3.48,TVFF21-123,0.032,0.01,0.038,3.27192E-05,6.72044E-07,2.3238E-07,2.64914E-07,1.30133E-06,1.71961E-07,2.3238E-05,2.3238E-06,1.30133E-06,0,3.43923E-06,4.14567E-07,2.78856E-07,1.12007E-06,3.8287E-06,3.71809E-07,2.06819E-06,1.20838E-06,6.50665E-08,2.97447E-07,1.12007E-06,3.1046E-07,7.74013E-06,0,3.96906E-05,8.29133E-07,1.05965E-07,1.42217E-07,3.8287E-06,0,3.68276E-06,3.71809E-07,2.3238E-07,0,9.84363E-07,2.78856E-07,5.40982E-07,1.39986E-06,8.20767E-07,1.21396E-06,1.19722E-06,3.71809E-07,3.32769E-07,3.32769E-07,5.74444E-07,4.63831E-07,2.3238E-07,3.03024E-07
Halfmoon_Creek_By_Bridge ,Halfmoon_Creek ,7,9302021,Grab,226-TVFF21,TVFF21-0124,984.7,1.064728192,924.8369747,1.48,0.02,2.19,TVFF21-124,0.035,0.01,0.043,0,7.81759E-07,2.70318E-07,3.08162E-07,2.91943E-06,2.00035E-07,2.70318E-05,2.70318E-06,1.08127E-06,2.40042E-07,1.83816E-06,2.81131E-06,0,1.30293E-06,4.45376E-06,3.24381E-07,2.40583E-06,0,7.5689E-08,3.46007E-07,1.30293E-06,3.61145E-07,9.00375E-06,0,7.02827E-06,9.64494E-07,0,0,4.45376E-06,0,4.284E-06,4.32509E-07,2.70318E-07,8.98429E-06,1.14507E-06,2.16254E-07,6.293E-07,1.6284E-06,9.54763E-07,0,1.39268E-06,8.65017E-07,3.87095E-07,3.87095E-07,6.68226E-07,1.08127E-07,2.70318E-07,3.52495E-07
Loville,Halfmoon_Creek ,8,9302021,Grab,227-TVFF21,TVFF21-0125,997.2,1.027054362,970.9320528,2.72,0.02,4.06,TVFF21-125,0.059,0.01,0.078,2.05988E-07,7.44645E-07,2.57485E-07,2.93532E-07,2.26586E-06,1.90539E-07,2.57485E-05,2.57485E-06,1.02994E-06,1.02994E-07,3.70778E-06,4.59352E-07,3.08981E-07,1.24108E-06,4.24232E-06,3.08981E-07,2.29161E-06,4.11975E-07,7.20957E-08,3.2958E-07,1.24108E-06,3.43999E-07,8.5763E-06,0,9.20765E-05,9.18705E-07,0,1.57581E-07,4.24232E-06,2.85293E-07,4.08062E-06,6.17963E-07,2.57485E-07,8.55776E-06,1.0907E-06,3.08981E-07,5.99424E-07,1.55109E-06,9.09435E-07,1.3451E-06,1.32656E-06,7.20957E-07,3.68718E-07,3.68718E-07,6.36502E-07,5.13939E-07,2.57485E-07,3.3576E-07
Halfmoon_Creek_After_Confluence ,Halfmoon_Creek ,9,9302021,Grab,228-TVFF21,TVFF21-0126,988,0.403286979,2449.868336,1.84,0.02,2.74,TVFF21-126,0.036,0.01,0.044,1.5511E-06,2.95118E-07,1.02046E-07,1.16333E-07,1.46947E-06,7.55143E-08,1.02046E-05,1.02046E-06,4.49004E-07,9.06171E-08,9.79644E-07,8.98007E-07,8.1637E-08,4.91863E-07,1.68131E-06,1.22456E-07,9.08212E-07,1.22456E-07,2.8573E-08,1.30619E-07,4.91863E-07,1.36334E-07,3.39896E-06,1.02046E-06,5.48193E-07,3.64101E-07,0,0,1.68131E-06,1.13067E-07,1.61723E-06,8.1637E-08,1.02046E-07,3.39161E-06,1.22456E-07,0,2.37564E-07,6.14727E-07,3.60428E-07,0,5.25743E-07,2.8573E-07,1.4613E-07,1.4613E-07,2.52258E-07,2.03684E-07,1.02046E-07,1.33068E-07
Feild_Blank,All ,10,9302021,Grab,229-TVFF21,,944,1.267635904,744.693328,0,0,0,0,0,0,0,1.34283E-07,9.70869E-07,3.35709E-07,3.82708E-07,1.18169E-05,2.48424E-07,3.35709E-05,3.35709E-06,3.49137E-06,0,0,5.98904E-07,0,1.61812E-06,5.53114E-06,1.20855E-06,2.98781E-06,2.37682E-05,9.39984E-08,4.29707E-07,1.61812E-06,0,1.11818E-05,0,3.06166E-05,1.19781E-06,0,2.05454E-07,5.53114E-06,3.71965E-07,5.32031E-06,1.71883E-07,0,1.11576E-05,1.42206E-06,1.34283E-07,7.8153E-07,2.02231E-06,1.18572E-06,1.75374E-06,1.72957E-06,2.55139E-06,4.80735E-07,4.80735E-07,8.29872E-07,6.70074E-07,3.35709E-07,4.37764E-07