Site_Name,Stream_Name ,Site_Number,Date_Collected,Sample_Type,ÊKyle_Sample_ID,Running_Number,Acetaminophen,Amoxicillin,Ampicillin,Atenolol_MRT,Caffeine,Buspirone,Bifenthrin,Beta_cyfluthrin,Benzophenone_3,Benzophenone_1,Atrazine,Carbamazepine_A,Carbaryl,Chlortetracycline,Erythromycin,DEET,Cyhalothrin,Clothianidin,Clarithromycin,Citalopram,Chlortetracycline,Chlorpyrifos,Esfenvalerate_UNCONF,Fluoxetine,Ibuprofen_UNCONF,Imidacloprid,Ketoprofen,Malathion,Erythromycin,Metformin,Metoprolol_MRT,Naproxen,Ofloxacin,Oxytetracycline,Sulfadiazine,Sucralose,Simazine,Permethrin,Sulfadimethoxine,Sulfamethazine,Sulfamethoxazole,Tetracycline,Theobromine,Thiamethoxam_d3,Thiamethoxam,Thiacloprid,Trimethoprim_MRT,4_t_Octylphenol,Venlafaxine,,,,,,,,,,,,,,,,,,,,,,,,,,,,,,,,,,,,,,,,,,,,,,,,,,,,,,,,,,,,,,,,,,,,,,,,,,,,,,,,,,,,,,,,,,,,,,,,,,,,,,,,,,,,
Ag_Progress_Days ,Spruce_Creek,1,6172021,POCIS ,1-TVFF21,TVFF21-010P,0.0016,0.000723,0.00024,0.007,0.0046,0.0036,0.025,0.0025,0.0016,0.0003,0.0137,0.0001,0.0001,1.0483,0.0002,0.0003,0.0023,2.4411,1.6135,0.0033,1.0483,0.0014,1.0167,0.6284,0.001343,0.002,0.0006,0.0001,0.0002,1.7999,0.0014,0.0007,0.0197,0.000289,0.0005,0.001059,1.3929,0.0015,0.001506,0.0001,0.0006,0.0056,0.0042,0.8287,0.000179,0,0.009,0.00025,0.0029,,,,,,,,,,,,,,,,,,,,,,,,,,,,,,,,,,,,,,,,,,,,,,,,,,,,,,,,,,,,,,,,,,,,,,,,,,,,,,,,,,,,,,,,,,,,,,,,,,,,,,,,,,,,
Upper_Spruce_Creek_Church ,Spruce_Creek,2,6172021,POCIS ,2-TVFF21,TVFF21-011P,0.0005,0.000723,0.005,0.0033,0.0055,0.0021,0.025,0.0025,0.0013,0.000222,0.025,1.4435,0,1.0522,0,0.0004,0.002225,2.4422,0.0002,0,1.0522,0.0013,1.0166,0.6282,0.001343,0.0005,0.0003,0.000153,0,0.0001,0.0013,0.0016,0.0079,0.000289,0.0001,1.4218,1.3932,0.0004,0,0.000883,0.0004,0.0022,0.0023,0,0.000179,0,0.003,0.00025,0.0021,,,,,,,,,,,,,,,,,,,,,,,,,,,,,,,,,,,,,,,,,,,,,,,,,,,,,,,,,,,,,,,,,,,,,,,,,,,,,,,,,,,,,,,,,,,,,,,,,,,,,,,,,,,,
George_W_Harvey,Spruce_Creek,3,6172021,POCIS ,3-TVFF21,TVFF21-012P,0.0008,0.000723,0.0078,0.003,0.0055,0.0008,0.025,0.0025,0.0011,0.0001,0.0217,1.4446,1.8088,0.001205,0.004119,0.0008,0.002225,2.4421,0,0.0011,0.001205,0.0008,0.008327,0.6285,0.001343,0.001,0.0001,0,0.004119,0.0001,0.0005,0.0006,0.0044,0.0123,0,0.001059,1.393,0.000582,0,0.000883,0.0001,0.0009,0.003,0,0.000179,0.000618,0.0015,0.00025,0.0011,,,,,,,,,,,,,,,,,,,,,,,,,,,,,,,,,,,,,,,,,,,,,,,,,,,,,,,,,,,,,,,,,,,,,,,,,,,,,,,,,,,,,,,,,,,,,,,,,,,,,,,,,,,,
Lower_Warriors_Mark_Run ,Warriors_Mark_Run ,4,6172021,POCIS ,4-TVFF21,TVFF21-013P,0.0015,0.000723,0.0043,0.000285,0.0053,0.000185,0.025,0.0025,0.0005,0.000222,0.0174,1.4452,1.8089,0.001205,0.004119,0.0009,0.002225,2.4421,0.00007,0.0003,0.001205,0.0007,0.008327,0.6286,0.001343,0.0004,0,0,0.004119,0.0002,0.003962,0.0002,0.002,0.000289,0,0.001059,1.3932,0,0,0.000883,0.001306,0.001288,0.0343,0.000179,0.000179,0.000618,0.0015,0.00025,0.001,,,,,,,,,,,,,,,,,,,,,,,,,,,,,,,,,,,,,,,,,,,,,,,,,,,,,,,,,,,,,,,,,,,,,,,,,,,,,,,,,,,,,,,,,,,,,,,,,,,,,,,,,,,,
Upper_Warriors_Mark_Run ,Warriors_Mark_Run ,5,6172021,POCIS ,5-TVFF21,TVFF21-014P,0.0007,0.000723,0.0017,0.000285,0.0067,0.0005,0.025,0.0025,0,0.000222,0.0157,0,0.0001,0.001205,0.004119,0.0004,0.0014,2.4421,0.00007,0.0003,0.001205,0.0008,0.008327,0.6287,0.3785,0.0005,0.0004,0.000153,0.004119,1.7999,0.003962,0.0016,0.0012,0.000289,0,0.001059,1.3936,0,0.001506,0.000883,0.001306,0.001288,0.0035,0.000179,0.000179,0.000618,0.0012,0.00025,0.0004,,,,,,,,,,,,,,,,,,,,,,,,,,,,,,,,,,,,,,,,,,,,,,,,,,,,,,,,,,,,,,,,,,,,,,,,,,,,,,,,,,,,,,,,,,,,,,,,,,,,,,,,,,,,
Keith_Nelson,Warriors_Mark_Run ,6,6172021,POCIS ,6-TVFF21,TVFF21-015P,0.003,0.000723,0.00024,0.000285,0.0014,0.000185,0.025,0.0025,0.0007,0.0001,0.029,0,0.0001,1.0525,0.004119,0.0003,0.002225,2.4379,0.00007,0.0002,1.0525,0.0007,1.0167,0.6288,0.001343,0.0016,0.0003,0,0.004119,0.0001,0.0006,0.0003,0.001,0.000289,0.008309,0.001059,1.3937,0,0,0.0004,0.0001,0.001288,0.0031,0.000179,0.000179,0.000618,0.001,0.00025,0.0004,,,,,,,,,,,,,,,,,,,,,,,,,,,,,,,,,,,,,,,,,,,,,,,,,,,,,,,,,,,,,,,,,,,,,,,,,,,,,,,,,,,,,,,,,,,,,,,,,,,,,,,,,,,,
Halfmoon_Creek_By_Bridge ,Halfmoon_Creek ,7,6172021,POCIS ,7-TVFF21,TVFF21-016P,0.0005,0.000723,0.0124,0.0081,0.0276,0.000185,0.025,0.0025,0.0003,0.000222,0.0189,1.4299,0.0001,0.001205,0.004119,0.0009,0.0024,2.4424,0.00007,0.0001,0.001205,0.0005,1.0167,0.6289,0.2366,0.0014,0.0001,0.000153,0.004119,0.0001,0.0018,0.0004,0.0008,0.000289,0.008309,0.001059,1.3936,0,0,0.000883,3.5817,0.001288,0.0236,0.000179,0.000179,0.000618,0.0093,0.00025,0.0028,,,,,,,,,,,,,,,,,,,,,,,,,,,,,,,,,,,,,,,,,,,,,,,,,,,,,,,,,,,,,,,,,,,,,,,,,,,,,,,,,,,,,,,,,,,,,,,,,,,,,,,,,,,,
Loville,Halfmoon_Creek ,8,6172021,POCIS ,8-TVFF21,TVFF21-018P,0.0002,0.000723,0.00025,0.000285,0.0008,0.000185,0.025,0.0025,0.0004,0.0001,0.0239,0,0.0001,0.001205,0.004119,0.0002,0.0036,2.4403,0.00007,0.0001,0.001205,0.0008,0.008327,0.6289,0.001343,0.0027,0,0.000153,0.004119,0.000277,0.003962,0.0008,0.0006,0.000289,0.008309,0.001059,1.3932,0,0,0.000883,0.001306,0.001288,0.0023,0.000179,0.000179,0.000618,0.001,0.00025,0.0002,,,,,,,,,,,,,,,,,,,,,,,,,,,,,,,,,,,,,,,,,,,,,,,,,,,,,,,,,,,,,,,,,,,,,,,,,,,,,,,,,,,,,,,,,,,,,,,,,,,,,,,,,,,,
Halfmoon_Creek_After_Confluence ,Halfmoon_Creek ,9,6172021,POCIS ,9-TVFF21,TVFF21-017P,0.0004,0.000723,0.0115,0.000285,0.0256,0.000185,0.025,0.0025,0.0001,0.000222,0.0207,1.432,0.0001,1.0525,0.004119,0.0008,0.002225,2.4412,0.00007,0.0001,1.0525,0.0002,0.008327,0.629,1.3614,0.0021,0,0.000153,0.004119,0,0.001,0.0024,0.0003,0.000289,0.008309,0.001059,1.3934,0,0.001506,0.000883,0.0013,0.001288,0.017,0.000179,0.000179,0.000618,0.0071,0.00025,0.0029,,,,,,,,,,,,,,,,,,,,,,,,,,,,,,,,,,,,,,,,,,,,,,,,,,,,,,,,,,,,,,,,,,,,,,,,,,,,,,,,,,,,,,,,,,,,,,,,,,,,,,,,,,,,
Field_Blank6172021,All ,10,6172021,POCIS ,10-TVFF21,Field_Blank6172021,0.0006,0.000723,0.00025,0.000285,0.0003,0.0001,0.025,0.0025,0.0118,0.0016,1.0705,0.0001,0.0001,0.001205,0.0001,0.0001,0.1275,0,0.00007,0.0019,0.001205,0.0249,1.0131,0.6251,0.001343,0.000892,0.0002,0.0005,0.0001,0.0001,0.0005,0.000128,0.0001,0.000289,0,0.001059,0.0002,0.000582,0.001506,0.000883,0.001306,0.001288,0.0005,0.000179,0.000179,0.0002,0.0001,0.00025,0.000326,,,,,,,,,,,,,,,,,,,,,,,,,,,,,,,,,,,,,,,,,,,,,,,,,,,,,,,,,,,,,,,,,,,,,,,,,,,,,,,,,,,,,,,,,,,,,,,,,,,,,,,,,,,,
Field_Blank6172021,All ,10,6172021,POCIS ,10R2-TVFF21,Field_Blank6172021,0.0007,0.000723,0.00025,0.000285,0.001042,0.000185,0.025,0.0025,0.0015,0.000222,0.0002,0,0.000667,0.001205,0,0.0001,0.002225,0.000895,0,0.00032,0.001205,0.0009,0.008327,0.6289,0.001343,0.000892,0,0.0002,0,0.0001,0.003962,0.000128,0.00025,0.000289,0.008309,0.001059,0.001059,0.000582,0.001506,0.000883,0.001306,0.001288,0,0.000179,0.000179,0,0.000499,0.00025,0.000326,,,,,,,,,,,,,,,,,,,,,,,,,,,,,,,,,,,,,,,,,,,,,,,,,,,,,,,,,,,,,,,,,,,,,,,,,,,,,,,,,,,,,,,,,,,,,,,,,,,,,,,,,,,,
Ag_Progress_Days ,Spruce_Creek,1,6292021,POCIS ,11-TVFF21,TVFF21-019/020P,0.0019,0.000723,0.00025,0.000285,0.0056,0.000185,0.025,0.0025,0.0005,0.0002,0.0228,0,0.0001,1.0523,0,0.0001,0.0023,2.4399,0.00007,0.0001,1.0523,0.0002,0.008327,0.629,0.001343,0.002,0.0001,0,0,0,0.0015,0.0003,0.0003,0.000289,0.008309,0.001059,1.3943,0.000582,0.001506,0.000883,0,0.001288,0.0198,0.000179,0.000179,0.000618,0.0012,0.00025,0.0003,,,,,,,,,,,,,,,,,,,,,,,,,,,,,,,,,,,,,,,,,,,,,,,,,,,,,,,,,,,,,,,,,,,,,,,,,,,,,,,,,,,,,,,,,,,,,,,,,,,,,,,,,,,,
Upper_Spruce_Creek_Church ,Spruce_Creek,2,6292021,POCIS ,12-TVFF21,TVFF21-021/022P,0.008,0.000723,0.00025,0.0016,0.0056,0.000185,0.025,0.0025,0.0004,0.000222,0.1756,1.4392,0.0003,1.0525,0,0.0003,0.0033,2.4366,0.00007,0,1.0525,0.0002,0.008327,0.629,0.001343,0.0021,0.0002,0.000153,0,0.000277,0.0013,0.0007,0.0003,0.000289,0,0.001059,1.394,0,0,0.000883,0.0004,0.001288,0.0033,0.000179,0.000179,0.000618,0.007,0.00025,0.004,,,,,,,,,,,,,,,,,,,,,,,,,,,,,,,,,,,,,,,,,,,,,,,,,,,,,,,,,,,,,,,,,,,,,,,,,,,,,,,,,,,,,,,,,,,,,,,,,,,,,,,,,,,,
George_W_Harvey,Spruce_Creek,3,6292021,POCIS ,13-TVFF21,TVFF21-023/024P,0.0521,0.000723,0.00025,0.000285,0.0069,0.000185,0.025,0.0025,0.0004,0.000222,0.1171,1.4433,0.0002,0.001205,0.004119,0.0003,0.0032,2.4356,0.00007,0.0001,0.001205,0.000334,1.0166,0.0025,0.001343,0,0.000892,0.000153,0.004119,0.0001,0.0013,0.0006,0.0002,0.000289,0,0.001059,1.3937,0.000582,0.0001,0.000883,0.0003,0.001288,0.0128,0.000179,0.000179,0.000618,0.0014,0.00025,0.0012,,,,,,,,,,,,,,,,,,,,,,,,,,,,,,,,,,,,,,,,,,,,,,,,,,,,,,,,,,,,,,,,,,,,,,,,,,,,,,,,,,,,,,,,,,,,,,,,,,,,,,,,,,,,
Lower_Warriors_Mark_Run ,Warriors_Mark_Run ,4,6292021,POCIS ,14-TVFF21,TVFF21-025/026P,0.0005,0.000723,0.00025,0.000285,0.0021,0.000185,0.025,0.0025,0.0001,0.0001,0.1151,1.4429,0.0002,1.0523,0.004119,0.0002,0.002225,2.4288,0.00007,0,1.0523,0,1.0166,0.629,0.001343,0.0046,0,0,0.004119,0.0001,0.001,0.0004,0.00025,0.000289,0.008309,0.001059,1.3935,0,1.5612,0.000883,0.001306,0.001288,0.002,0.000179,0.000179,0.000618,0.0003,0.00025,0.0004,,,,,,,,,,,,,,,,,,,,,,,,,,,,,,,,,,,,,,,,,,,,,,,,,,,,,,,,,,,,,,,,,,,,,,,,,,,,,,,,,,,,,,,,,,,,,,,,,,,,,,,,,,,,
Upper_Warriors_Mark_Run ,Warriors_Mark_Run ,5,6292021,POCIS ,15-TVFF21,TVFF21-027/028P,0.0068,0.000723,0.00025,0.000285,0.0033,0.000185,0.025,0.0025,0.0003,0.0001,0.1372,1.4423,0.0001,0.001205,0.004119,0.0002,0.002225,0.0194,0.00007,0.0001,0.001205,0.0001,1.0166,0.629,1.1111,0.006,0.0001,0.000153,0.004119,0.0001,0.002,0.0013,0.00025,0.000289,0.008309,0.001059,1.3932,0.000582,1.5608,0.000883,0.001306,0.001288,0.0034,0.000179,0.000179,0.000618,0.0007,0.00025,0.0005,,,,,,,,,,,,,,,,,,,,,,,,,,,,,,,,,,,,,,,,,,,,,,,,,,,,,,,,,,,,,,,,,,,,,,,,,,,,,,,,,,,,,,,,,,,,,,,,,,,,,,,,,,,,
Keith_Nelson,Warriors_Mark_Run ,6,6292021,POCIS ,16-TVFF21,TVFF21-029/030P,0.0007,0.000723,0.00025,0.000285,0.0037,0.000185,0.025,0.0025,0.0002,0.000222,0.1187,0,0.0001,1.0524,0.004119,0.0001,0.002225,0.0244,0.00007,0.0001,1.0524,0.0002,0.008327,0.629,0.001343,0.0068,0,0,0.004119,0.0001,0.0033,0.001,0.0001,0.000289,0.008309,0.001059,1.394,0.000582,1.5595,0.0005,0.001306,0.001288,0.0036,0.000179,0.000179,0.000618,0.0008,0.00025,0.001,,,,,,,,,,,,,,,,,,,,,,,,,,,,,,,,,,,,,,,,,,,,,,,,,,,,,,,,,,,,,,,,,,,,,,,,,,,,,,,,,,,,,,,,,,,,,,,,,,,,,,,,,,,,
Halfmoon_Creek_By_Bridge ,Halfmoon_Creek ,7,6292021,POCIS ,17-TVFF21,TVFF21-031/032P,0.0003,0.000723,0.00025,0.000285,0.0076,0.000185,0.025,0.0025,0,0.000222,0.5951,0.0253,0,1.0522,0.004119,0.0005,0.0031,2.4378,0.00007,0.00032,1.0522,0,1.0166,0.629,1.197,0.0022,0,0.000153,0.004119,0.000277,0.0054,0.0021,0,0.000289,0.008309,0.001059,1.3935,0,0.001506,0.000883,0.001,0.001288,0.0071,0.000179,0.000179,0.000618,0.0084,0.00025,0.0053,,,,,,,,,,,,,,,,,,,,,,,,,,,,,,,,,,,,,,,,,,,,,,,,,,,,,,,,,,,,,,,,,,,,,,,,,,,,,,,,,,,,,,,,,,,,,,,,,,,,,,,,,,,,
Loville,Halfmoon_Creek ,8,6292021,POCIS ,18-TVFF21,TVFF21-033/034P,0.003,0.000723,0.00025,0.000285,0.003,0.000185,0.025,0.0025,0,0.000222,0.381,0,0,1.0521,0.0001,0.0003,0.002225,0.0296,0.00007,0,1.0521,0,1.0166,0.629,0.001343,0.0016,0,0,0.0001,0,0.003962,0.003,0,0.000289,0.0003,0.001059,1.3928,0,0,0.000883,0.001306,0.001288,0.0057,0.000179,0.000179,0.000618,0.0006,0.00025,0.0002,,,,,,,,,,,,,,,,,,,,,,,,,,,,,,,,,,,,,,,,,,,,,,,,,,,,,,,,,,,,,,,,,,,,,,,,,,,,,,,,,,,,,,,,,,,,,,,,,,,,,,,,,,,,
Halfmoon_Creek_After_Confluence ,Halfmoon_Creek ,9,6292021,POCIS ,19-TVFF21,TVFF21-035/036P,0.0004,0.000723,0.00025,0.000285,0.0069,0.000185,0.025,0.0025,0.0003,0.000222,0.3915,0.0182,0,1.0523,0.004119,0.0004,0.002225,2.4358,0.00007,0.0001,1.0523,0.000334,1.0166,0.629,0.001343,0.0016,0.0001,0,0.004119,0.000277,0.0043,0.0012,0,0.000289,0.008309,0.001059,1.3935,0,0,0.000883,0.0009,0.001288,0.0078,0.000179,0.000179,0.000618,0.0063,0.00025,0.0029,,,,,,,,,,,,,,,,,,,,,,,,,,,,,,,,,,,,,,,,,,,,,,,,,,,,,,,,,,,,,,,,,,,,,,,,,,,,,,,,,,,,,,,,,,,,,,,,,,,,,,,,,,,,
Field_Blank6292021,All ,10,6292021,POCIS ,20-TVFF21,Field_Blank6292021,0.0014,0.000723,0.00025,0.000285,0.0081,0.000185,0.025,0.0025,0.0015,0.000222,1.0676,0.0003,0.000667,0.001205,0,0.0005,0.002225,0.0004,0.00007,0.00032,0.001205,0.000334,1.0167,0.0025,0.001343,0,0.0001,0,0,0.000277,0.003962,0.000128,0.0001,0.000289,0,0.001059,0.000488,0.000582,0.001506,0.000883,0.001306,0.001288,0.0221,0.000179,0.000179,0.000618,0.0002,0.00025,0.0001,,,,,,,,,,,,,,,,,,,,,,,,,,,,,,,,,,,,,,,,,,,,,,,,,,,,,,,,,,,,,,,,,,,,,,,,,,,,,,,,,,,,,,,,,,,,,,,,,,,,,,,,,,,,
Field_Blank6292021,All ,10,6292021,POCIS ,20R2-TVFF21,Field_Blank6292021,0.0014,0.000723,0.00025,0.000285,0.0063,0.000185,0.025,0.0025,0.0008,0.000222,0.0001,0,0.000667,0.001205,0,0.0005,0.002225,0.0003,0.00007,0.00032,0.001205,0.000334,0.008327,0.0025,0.001343,0,0.0003,0,0,0.000277,0.003962,0.000128,0.0001,0.000289,0,0.001059,0.000488,0.000582,0.001506,0.000883,0.001306,0.001288,0.02,0.000179,0.000179,0.000618,0.000499,0.00025,0.0001,,,,,,,,,,,,,,,,,,,,,,,,,,,,,,,,,,,,,,,,,,,,,,,,,,,,,,,,,,,,,,,,,,,,,,,,,,,,,,,,,,,,,,,,,,,,,,,,,,,,,,,,,,,,
Ag_Progress_Days ,Spruce_Creek,1,7152021,POCIS ,81-TVFF21,TVFF21-055/056,0.0001,0.000723,0.00025,0.000285,0.0206,0.000185,0.025,0.0025,0.0013,0.0001,0.0472,0.000446,0,0,0.004119,0.0004,0.002225,0.0039,0.00007,0.0001,0,0.000334,0.008327,0.6332,0.001343,0.0019,0.000114,0,0.004119,0.000277,0.003962,0.0015,0.008,0.000289,0.008309,0.001059,0.0032,3.2739,0.001506,0.000883,0,0.001288,0.001,0.000179,0.000179,0.000618,0.0011,0.00025,0.0001,,,,,,,,,,,,,,,,,,,,,,,,,,,,,,,,,,,,,,,,,,,,,,,,,,,,,,,,,,,,,,,,,,,,,,,,,,,,,,,,,,,,,,,,,,,,,,,,,,,,,,,,,,,,
Upper_Spruce_Creek_Church ,Spruce_Creek,2,7152021,POCIS ,82-TVFF21,TVFF21-057/058,0.0005,0.000723,0.00025,0.000285,0.0442,0.000185,0.025,0.0025,0.0008,0.000222,0.0539,0.0092,0.0001,0.001205,0.004119,0.0009,0.002225,0.004,0.00007,0.0001,0.001205,0,1.0104,0.6332,0.001343,0.0045,0.0005,0.000153,0.004119,0.000277,0.3973,0.0007,0.0027,0.000289,0.008309,0.001059,0.0001,0.000582,0.001506,0.000883,0.0002,0.001288,0.0056,0.000179,0.000179,0.000618,0.0001,0.00025,0.0006,,,,,,,,,,,,,,,,,,,,,,,,,,,,,,,,,,,,,,,,,,,,,,,,,,,,,,,,,,,,,,,,,,,,,,,,,,,,,,,,,,,,,,,,,,,,,,,,,,,,,,,,,,,,
George_W_Harvey,Spruce_Creek,3,7152021,POCIS ,83-TVFF21,TVFF21-059/060,0.001,0.000723,0.0059,0.000285,0.0417,0.000185,0.025,0.0025,0.0007,0.000222,0.0544,0.0064,0.0001,0.001205,0.004119,0.0014,0.002225,0.0024,0.00007,0.0001,0.001205,0.000334,0.008327,0.6332,0.001343,0.0035,0.0003,0.000153,0.004119,0.0001,0.003962,0.0004,0.0011,0.000289,0.8399,0.001059,0.0035,0.000582,0.001506,0.000883,0.0001,0.001288,0,0.000179,0.000179,0.000618,0.0002,0.00025,0.0004,,,,,,,,,,,,,,,,,,,,,,,,,,,,,,,,,,,,,,,,,,,,,,,,,,,,,,,,,,,,,,,,,,,,,,,,,,,,,,,,,,,,,,,,,,,,,,,,,,,,,,,,,,,,
Lower_Warriors_Mark_Run ,Warriors_Mark_Run ,4,7152021,POCIS ,84-TVFF21,TVFF21-061/062,0.0007,0.000723,0.00025,0.000285,0.0291,0.000185,0.025,0.0025,0.0008,0.0002,0.0388,0.0022,0.0002,0.001205,0.004119,0.0011,0.002225,0.0035,0.00007,0.00032,0.001205,0.000334,0.008327,0.6332,0.001343,0.001,0.0007,0.000153,0.004119,0.0001,0.003962,0.0007,0.0006,0.000289,0.008309,0.001059,0.0029,3.2739,0.001506,0.000883,0.001306,0.001288,0.002,0,0.000179,0.000618,0.0005,0.00025,0,,,,,,,,,,,,,,,,,,,,,,,,,,,,,,,,,,,,,,,,,,,,,,,,,,,,,,,,,,,,,,,,,,,,,,,,,,,,,,,,,,,,,,,,,,,,,,,,,,,,,,,,,,,,
Upper_Warriors_Mark_Run ,Warriors_Mark_Run ,5,7152021,POCIS ,85-TVFF21,TVFF21-063/064,0.0006,0.000723,0.00025,0.000285,0.0186,0.000185,0.025,0.0025,0.0009,0.000222,0.0361,0.002,0.0002,0.001205,0.004119,0.0005,0.002225,0.0032,0.00007,0.00032,0.001205,0.000334,0.008327,0.6332,0.001343,0.0009,0.0001,0.000153,0.004119,0.0001,0.003962,0.0007,0.0002,0.000289,0.008309,0.001059,0.0022,0.000582,0.001506,0.000883,0,0.001288,0.0073,0.000179,0.000179,0.000618,0.0004,0.00025,0.0001,,,,,,,,,,,,,,,,,,,,,,,,,,,,,,,,,,,,,,,,,,,,,,,,,,,,,,,,,,,,,,,,,,,,,,,,,,,,,,,,,,,,,,,,,,,,,,,,,,,,,,,,,,,,
Keith_Nelson,Warriors_Mark_Run ,6,7152021,POCIS ,86-TVFF21,TVFF21-065/066,0.0006,0.000723,0.00025,0.00024,0.0047,0.0008,0.025,0.0025,0.0007,0.0001,0.0689,0.000446,0.0001,0.001205,0.004119,0.0004,0.002225,0.0102,0.00007,0.0001,0.001205,0.000334,0.008327,0.6332,0.001343,0.0016,0,0,0.004119,0.000277,0.3972,0.0004,0,0.0623,0.008309,0.001059,0.0017,0.000582,0.0002,0.0004,0.001,0.001288,0.0013,0.000179,0.000179,0.000618,0.0004,0.00025,0.0005,,,,,,,,,,,,,,,,,,,,,,,,,,,,,,,,,,,,,,,,,,,,,,,,,,,,,,,,,,,,,,,,,,,,,,,,,,,,,,,,,,,,,,,,,,,,,,,,,,,,,,,,,,,,
Halfmoon_Creek_By_Bridge ,Halfmoon_Creek ,7,7152021,POCIS ,87-TVFF21,TVFF21-067/068,0.0003,0.000723,0.00025,0.00024,0.0397,0.000185,0.025,0.0025,0.0001,0.000222,0.0693,0.0309,0,0.001205,0.004119,0.0011,0.2328,0.0035,0.00007,0.00032,0.001205,0.000334,1.0101,0.6332,0.1679,0.0118,0.0001,0.000153,0.004119,0.000277,0.396,0.0005,0.0001,0.000289,0.008309,0.001059,0.0003,0.000582,0.001506,0.000883,0.001,0.001288,0.0103,0.000179,0.000179,0.000618,0.0118,0.00025,0.0023,,,,,,,,,,,,,,,,,,,,,,,,,,,,,,,,,,,,,,,,,,,,,,,,,,,,,,,,,,,,,,,,,,,,,,,,,,,,,,,,,,,,,,,,,,,,,,,,,,,,,,,,,,,,
Loville,Halfmoon_Creek ,8,7152021,POCIS ,88-TVFF21,TVFF21-069/070,0.0005,0.000723,0.00025,0.00024,0.0066,0.000185,0.025,0.0025,0.0001,0.000222,0.0757,0.000446,0.0001,0.001205,0.004119,0.0004,0.002225,0.0202,0.00007,0.0001,0.001205,0.000334,1.0103,0.6332,0.001343,0.0015,0.0001,0.000153,0.004119,0.000277,0.003962,0.0009,0.0001,0.000289,0.008309,0.001059,0.0026,0.000582,0.001506,0.000883,0.001306,0.001288,0.0058,0,0.000179,0.000618,0.0011,0.00025,0.0001,,,,,,,,,,,,,,,,,,,,,,,,,,,,,,,,,,,,,,,,,,,,,,,,,,,,,,,,,,,,,,,,,,,,,,,,,,,,,,,,,,,,,,,,,,,,,,,,,,,,,,,,,,,,
Halfmoon_Creek_After_Confluence ,Halfmoon_Creek ,9,7152021,POCIS ,89-TVFF21,TVFF21-071/072,0.0004,0.0001,0.00025,0.00024,0.0289,0.000185,0.025,0.0025,0.0001,0.000222,0.0732,0.0238,0.0001,0,0.004119,0.0009,0.2333,0.0076,0.00007,0.0001,0,0.000334,0.008327,0.6332,0.6819,0.0113,0.0001,0,0.004119,0.000277,0.3966,0.0002,0.00025,0.000289,0.008309,0.001059,0.0002,0.000582,0.001506,0.000883,0.0006,0.001288,0.0174,0.000179,0.000179,0.000618,0.0093,0.00025,0.0018,,,,,,,,,,,,,,,,,,,,,,,,,,,,,,,,,,,,,,,,,,,,,,,,,,,,,,,,,,,,,,,,,,,,,,,,,,,,,,,,,,,,,,,,,,,,,,,,,,,,,,,,,,,,
Field_Blank10142021,All ,10,7152021,POCIS ,90-TVFF21,Field_Blank10142021,0.0004,0.000723,0.00025,0.00024,0.001042,0.000185,0.025,0.0025,0.0024,0.000222,0.0017,0.0003,0.0001,0.001205,0.004119,0.0003,0.002225,0.000895,0.00007,0.00032,0.001205,0.001,0.008327,0.6329,0.001343,0.000892,0,0,0.004119,0,0.3978,0.000128,0,0.000289,0.008309,0.001059,0.0001,0.000582,0.001506,0.000883,0.001306,0.001288,0.0005,0.000179,0.000179,0.000618,0,0.00025,0.000326,,,,,,,,,,,,,,,,,,,,,,,,,,,,,,,,,,,,,,,,,,,,,,,,,,,,,,,,,,,,,,,,,,,,,,,,,,,,,,,,,,,,,,,,,,,,,,,,,,,,,,,,,,,,
Ag_Progress_Days ,Spruce_Creek,1,7302021,POCIS ,21-TVFF21,TVFF21-073/074P,0.0063,0.000723,0.00025,0.00024,0.0023,0.000185,0.025,0.0025,0.0003,0.000222,0.0167,0.000446,0,1.0524,0.004119,0.0004,0.002225,2.4414,0.00007,0.00032,1.0524,0.000334,0.008327,0.0025,0.001343,0.0015,0,0.000153,0.004119,0.000277,0.003962,0.0004,0,0.000289,0.008309,0.001059,1.3939,0.000582,0.001506,0.000883,0,0.001288,0.0029,0.000179,0.000179,0.000618,0.000499,0.00025,0.0005,,,,,,,,,,,,,,,,,,,,,,,,,,,,,,,,,,,,,,,,,,,,,,,,,,,,,,,,,,,,,,,,,,,,,,,,,,,,,,,,,,,,,,,,,,,,,,,,,,,,,,,,,,,,
Upper_Spruce_Creek_Church ,Spruce_Creek,2,7302021,POCIS ,22-TVFF21,TVFF21-075/076P,0.0126,0.000723,0.00025,0.00024,0.0086,0.000185,0.025,0.0025,0.0002,0.0001,0.0513,1.4383,0.0001,0.001205,0.004119,0.0006,0.0019,2.4401,0.00007,0,0.001205,0.000334,0.008327,0.629,0.001343,0.0014,0.0003,0.000153,0.004119,0.000277,0.0007,0.0006,0.0001,0.000289,0,0.001059,1.3934,0.000582,0.001506,0.000883,0.0003,0.001288,0.003,0.000179,0.000179,0.000618,0.0015,0.00025,0.0013,,,,,,,,,,,,,,,,,,,,,,,,,,,,,,,,,,,,,,,,,,,,,,,,,,,,,,,,,,,,,,,,,,,,,,,,,,,,,,,,,,,,,,,,,,,,,,,,,,,,,,,,,,,,
George_W_Harvey,Spruce_Creek,3,7302021,POCIS ,23-TVFF21,TVFF21-077/078P,0.0082,0.000723,0.0059,0.00024,0.005,0.000185,0.025,0.0025,0.000403,0.000222,0.0412,1.4409,0.0001,0.001205,0.004119,0.0009,0.002225,2.4411,0.00007,0.0003,0.001205,0.000334,0.008327,0.629,0.001343,0.001,0.0001,0.000153,0.004119,0.0001,0.0011,0.000128,0.0001,0.000289,0.0004,0.001059,1.3929,0.000582,0,0.000883,0.001306,0.001288,0.0055,0.000179,0.000179,0.000618,0.0008,0.00025,0.0008,,,,,,,,,,,,,,,,,,,,,,,,,,,,,,,,,,,,,,,,,,,,,,,,,,,,,,,,,,,,,,,,,,,,,,,,,,,,,,,,,,,,,,,,,,,,,,,,,,,,,,,,,,,,
George_W_Harvey,Spruce_Creek,3,7302021,POCIS ,23R2-TVFF21,TVFF21-077/078P,0.0084,0.000723,0.0067,0.00025,0.0049,0.000185,0.025,0.0025,0.0002,0.000222,0.0505,1.4407,0.0001,0.001205,0.004119,0.0009,0.002225,2.441,0.00007,0,0.001205,0.000334,0.008327,0.629,0.001343,0.000892,0.0001,0,0.004119,0.0001,0.0008,0.0004,0.0005,0.000289,0.0001,0.001059,1.393,0.000582,0,0.000883,0,0.001288,0.0055,0.000179,0.000179,0.000618,0.0007,0.00025,0.0009,,,,,,,,,,,,,,,,,,,,,,,,,,,,,,,,,,,,,,,,,,,,,,,,,,,,,,,,,,,,,,,,,,,,,,,,,,,,,,,,,,,,,,,,,,,,,,,,,,,,,,,,,,,,
Lower_Warriors_Mark_Run ,Warriors_Mark_Run ,4,7302021,POCIS ,24-TVFF21,TVFF21-079/080P,0.0242,0.000723,0.00025,0.00025,0.0042,0.000185,0.025,0.0025,0.0003,0.0001,0.0306,1.4447,0,0.001205,0.004119,0.0006,0.002225,2.44,0.00007,0,0.001205,0,0.008327,0.0025,0.001343,0.001,0.0001,0,0.004119,0.0001,0.003962,0.0008,0.0001,0.000289,0,0.001059,1.3939,0.000582,0.0001,0.000883,0.0002,0.001288,0.0077,0.000179,0.000179,0.000618,0.0006,0.00025,0.0001,,,,,,,,,,,,,,,,,,,,,,,,,,,,,,,,,,,,,,,,,,,,,,,,,,,,,,,,,,,,,,,,,,,,,,,,,,,,,,,,,,,,,,,,,,,,,,,,,,,,,,,,,,,,
Upper_Warriors_Mark_Run ,Warriors_Mark_Run ,5,7302021,POCIS ,25-TVFF21,TVFF21-081/082P,0.0021,0.000723,0.00025,0.00025,0.003,0.000185,0.025,0.0025,0,0.000222,0.0488,1.445,1.8093,0.001205,0.004119,0.0004,0.002225,2.437,0.00007,0.0001,0.001205,0.000334,1.0166,0.629,0.001343,0.0016,0.000114,0,0.004119,0.0001,0.0012,0.0004,0,0.000289,0,0.001059,1.3935,0,0.0002,0.0001,0.0003,0.001288,0.0044,0.000179,0.000179,0,0.0016,0.00025,0.0003,,,,,,,,,,,,,,,,,,,,,,,,,,,,,,,,,,,,,,,,,,,,,,,,,,,,,,,,,,,,,,,,,,,,,,,,,,,,,,,,,,,,,,,,,,,,,,,,,,,,,,,,,,,,
Keith_Nelson,Warriors_Mark_Run ,6,7302021,POCIS ,26-TVFF21,TVFF21-083/084P,0.0033,0.000723,0.00025,0.00025,0.006,0.000185,0.025,0.0025,0.0002,0.000222,0.057,0,0,1.0523,0.004119,0.0005,0.002225,0.0177,0.00007,0.0001,1.0523,0.000334,1.0167,0.0025,0.001343,0.0022,0,0,0.004119,0.000277,0.0028,0.0004,0,0.000289,0.0001,0.001059,1.3933,0.000582,1.5606,0.0006,3.5803,0.001288,0.0119,0.000179,0.000179,0.000618,0.0094,0.00025,0.0005,,,,,,,,,,,,,,,,,,,,,,,,,,,,,,,,,,,,,,,,,,,,,,,,,,,,,,,,,,,,,,,,,,,,,,,,,,,,,,,,,,,,,,,,,,,,,,,,,,,,,,,,,,,,
Halfmoon_Creek_By_Bridge ,Halfmoon_Creek ,7,7302021,POCIS ,27-TVFF21,TVFF21-085/086P,0.0009,0.000723,0.00025,0.00025,0.013,0.000185,0.025,0.0025,0.0001,0.000222,0.0869,1.4314,0,0.001205,0.004119,0.0006,0.002225,2.4412,0.00007,0.0001,0.001205,0.000334,0.008327,0.0025,0.001343,0.0024,0.0001,0.000153,0.004119,0.000277,0.0033,0.0004,0,0.000289,0.008309,0.001059,1.3941,0,0.001506,0.000883,0.0011,0.0013,0.0198,0.000179,0.000179,0.000618,0.0105,0.00025,0.0057,,,,,,,,,,,,,,,,,,,,,,,,,,,,,,,,,,,,,,,,,,,,,,,,,,,,,,,,,,,,,,,,,,,,,,,,,,,,,,,,,,,,,,,,,,,,,,,,,,,,,,,,,,,,
Loville,Halfmoon_Creek ,8,7302021,POCIS ,28-TVFF21,TVFF21-087/88P,0.0038,0.000723,0.00025,0.0036,0.0064,0.000185,0.025,0.0025,0.0001,0.0001,0.0671,0,0.0001,0.001205,0.004119,0.0009,0.002225,2.4376,0.00007,0,0.001205,0.000334,1.0166,0.629,0.001343,0.0012,0.0001,0.000153,0.004119,0.000277,0.003962,0.0008,0,0.000289,0.008309,0.001059,1.3931,0,0,0.000883,0.001306,0.001288,0.0206,0.000179,0.000179,0.000618,0.0012,0.00025,0.0002,,,,,,,,,,,,,,,,,,,,,,,,,,,,,,,,,,,,,,,,,,,,,,,,,,,,,,,,,,,,,,,,,,,,,,,,,,,,,,,,,,,,,,,,,,,,,,,,,,,,,,,,,,,,
Halfmoon_Creek_After_Confluence ,Halfmoon_Creek ,9,7302021,POCIS ,29-TVFF21,TVFF21-089/90P,0.0015,0.000723,0.00025,0.00025,0.0097,0.000185,0.025,0.0025,0.0001,0.0002,0.1002,1.431,1.81,0.001205,0.004119,0.0006,0.002225,2.4401,0.00007,0.0001,0.001205,0.000334,1.0166,0.0025,0.1797,0.0023,0.0001,0.000153,0.004119,0.000277,0.0042,0.0003,0,0.0239,0.008309,0.001059,1.394,0,0.001506,0.000883,0.0004,0.001288,0.0201,0.000179,0.000179,0.000618,0.009,0.00025,0.0047,,,,,,,,,,,,,,,,,,,,,,,,,,,,,,,,,,,,,,,,,,,,,,,,,,,,,,,,,,,,,,,,,,,,,,,,,,,,,,,,,,,,,,,,,,,,,,,,,,,,,,,,,,,,
Field_Blank7302021,All ,10,7302021,POCIS ,30-TVFF21,Field_Blank7302021,0.0199,0.000723,0.00025,0.00025,0.0007,0.000185,0.025,0.0025,0.0013,0.000222,1.0703,0.0003,0.000667,0.001205,0,0.0003,0.002225,0,0.00007,0.00032,0.001205,0.000334,0.008327,0.629,0.001343,0,0.0002,0,0,0.000277,0.003962,0.000128,0.00025,0.000289,0.0009,0.001059,0.000488,0.000582,0.001506,0.000883,0.001306,0.001288,0.0006,0.000179,0.000179,0.000618,0.000499,0.00025,0.000326,,,,,,,,,,,,,,,,,,,,,,,,,,,,,,,,,,,,,,,,,,,,,,,,,,,,,,,,,,,,,,,,,,,,,,,,,,,,,,,,,,,,,,,,,,,,,,,,,,,,,,,,,,,,
Field_Blank7302021,All ,10,7302021,POCIS ,30R2-TVFF21,Field_Blank7302021,0.0207,0.000723,0.00025,0.00025,0.0006,0.000185,0.025,0.0025,0.0008,0.000222,0,0.000446,0.000667,0.001205,0,0.0003,0.002225,0.000895,0,0.00032,0.001205,0.000334,0.008327,0.0025,0.001343,0,0.0002,0,0,0.000277,0.003962,0.000128,0.00025,0.000289,0.0011,0.001059,0.000488,0.000582,0.001506,0.000883,0.001306,0.001288,0.0003,0.000179,0.000179,0.000618,0.000499,0.00025,0.000326,,,,,,,,,,,,,,,,,,,,,,,,,,,,,,,,,,,,,,,,,,,,,,,,,,,,,,,,,,,,,,,,,,,,,,,,,,,,,,,,,,,,,,,,,,,,,,,,,,,,,,,,,,,,
Ag_Progress_Days ,Spruce_Creek,1,8122021,POCIS ,31-TVFF21,TVFF21-0091P,0.0013,0.000723,0.00025,0.00025,0.006,0.000185,0.025,0.0025,0.0002,0.000222,0.0205,0,0,1.0525,0.004119,0.0003,0.0019,2.4392,0.00007,0.0001,1.0525,0.000334,1.0166,0.0025,0.092,0.0028,0.000114,0.000153,0.004119,0.000277,0.003962,0.0003,0,0.000289,0.0004,0.001059,1.393,0,0,0.000883,0.001306,0.001288,0.0014,0.000179,0.000179,0.000618,0.000499,0.00025,0.0001,,,,,,,,,,,,,,,,,,,,,,,,,,,,,,,,,,,,,,,,,,,,,,,,,,,,,,,,,,,,,,,,,,,,,,,,,,,,,,,,,,,,,,,,,,,,,,,,,,,,,,,,,,,,
Upper_Spruce_Creek_Church ,Spruce_Creek,2,8122021,POCIS ,32-TVFF21,TVFF21-0092P,0.0023,0.000723,0.00025,0.0046,0.0213,0.000185,0.025,0.0025,0.0002,0.0002,0.0315,1.4401,0.0001,0.001205,0.004119,0.0003,0.002225,2.441,0.00007,0,0.001205,0.000334,0.008327,0.0025,0.001343,0.0014,0.0001,0.000153,0.004119,0.000277,0.0008,0.0002,0,0.000289,0.008309,0.001059,1.3929,0.000582,0,0.000883,0.0003,0.001288,0.0026,0.000179,0.000179,0.000618,0.0014,0.00025,0.0015,,,,,,,,,,,,,,,,,,,,,,,,,,,,,,,,,,,,,,,,,,,,,,,,,,,,,,,,,,,,,,,,,,,,,,,,,,,,,,,,,,,,,,,,,,,,,,,,,,,,,,,,,,,,
George_W_Harvey,Spruce_Creek,3,8122021,POCIS ,33-TVFF21,TVFF21-0093P,0.0006,0.000723,0.0064,0.00025,0.0152,0.000185,0.025,0.0025,0.0002,0.000222,0.027,1.4429,1.8079,1.0524,0,0.001,0.002225,0,0.00007,0.0001,1.0524,0.000334,0.008327,0.629,0.001343,0.0011,0,0,0,0.000277,0.003962,0.0012,0,0.000289,0.0001,0.001059,1.3925,0.000582,0,0.000883,0.0001,0.001288,0.0024,0.000179,0.000179,0.000618,0.001,0.00025,0.0008,,,,,,,,,,,,,,,,,,,,,,,,,,,,,,,,,,,,,,,,,,,,,,,,,,,,,,,,,,,,,,,,,,,,,,,,,,,,,,,,,,,,,,,,,,,,,,,,,,,,,,,,,,,,
Lower_Warriors_Mark_Run ,Warriors_Mark_Run ,4,8122021,POCIS ,34-TVFF21,TVFF21-0094P,0.0016,0.000723,0.0025,0.00025,0.0112,0.000185,0.025,0.0025,0,0.0001,0.0253,1.4444,0,0.001205,0.004119,0.0024,0.0024,2.4407,0.00007,0,0.001205,0.000334,1.0167,0.0025,0.001343,0.000892,0,0.000153,0.004119,0.0002,0.003962,0.0003,0,0.000289,0.008309,0.001059,1.3929,0.000582,0.001506,0.000883,0.001306,0.001288,0.0041,0.000179,0.000179,0.000618,0.001,0.00025,0.0002,,,,,,,,,,,,,,,,,,,,,,,,,,,,,,,,,,,,,,,,,,,,,,,,,,,,,,,,,,,,,,,,,,,,,,,,,,,,,,,,,,,,,,,,,,,,,,,,,,,,,,,,,,,,
Upper_Warriors_Mark_Run ,Warriors_Mark_Run ,5,8122021,POCIS ,35-TVFF21,TVFF21-0095P,0.0016,0.000723,0.00025,0.00025,0.0061,0.000185,0.025,0.0025,0.0001,0.000222,0.0258,1.4442,0.0001,0.001205,0.004119,0.0004,0.002225,2.4406,0.00007,0,0.001205,0.000334,1.0166,0.0025,0.001343,0.0008,0.0001,0,0.004119,0.0001,0.003962,0.0017,0.00025,0.000289,0.008309,0.001059,1.3931,0,0.001506,0.000883,0.001306,0.001288,0.001,0.000179,0.000179,0.000618,0.000499,0.00025,0.0002,,,,,,,,,,,,,,,,,,,,,,,,,,,,,,,,,,,,,,,,,,,,,,,,,,,,,,,,,,,,,,,,,,,,,,,,,,,,,,,,,,,,,,,,,,,,,,,,,,,,,,,,,,,,
Keith_Nelson,Warriors_Mark_Run ,6,8122021,POCIS ,36-TVFF21,TVFF21-0096P,0.0005,0.000723,0.00025,0.00025,0.0014,0.000185,0.025,0.0025,0,0,0.0357,0,1.8102,1.0525,0.004119,0.0001,0.0013,2.4374,0.00007,0.0001,1.0525,0.000334,1.0167,0.0025,0.2513,0.0024,0,0.000153,0.004119,0,0.0006,0.0006,0,0.000289,0.008309,0.001059,1.3942,0,0,0.0006,0.0003,0.001288,0.0026,0.000179,0.000179,0.000618,0.0014,0.00025,0.0002,,,,,,,,,,,,,,,,,,,,,,,,,,,,,,,,,,,,,,,,,,,,,,,,,,,,,,,,,,,,,,,,,,,,,,,,,,,,,,,,,,,,,,,,,,,,,,,,,,,,,,,,,,,,
Halfmoon_Creek_By_Bridge ,Halfmoon_Creek ,7,8122021,POCIS ,37-TVFF21,TVFF21-0097P,0.0019,0.000723,0.0048,0.00025,0.0375,0.000185,0.025,0.0025,0.0001,0.0001,0.0285,0.0209,0.0001,0.001205,0.004119,0.0005,0.0021,2.4413,0.00007,0,0.001205,0.000334,0.008327,0.0025,0.4003,0.0028,0.000114,0.000153,0.004119,0.000277,0.0021,0.0008,0,0.000289,0,0.001059,1.394,0.000582,0.001506,0.000883,0.0013,0.001288,0.0229,0.000179,0.000179,0.000618,0.0107,0.00025,0.0045,,,,,,,,,,,,,,,,,,,,,,,,,,,,,,,,,,,,,,,,,,,,,,,,,,,,,,,,,,,,,,,,,,,,,,,,,,,,,,,,,,,,,,,,,,,,,,,,,,,,,,,,,,,,
Loville,Halfmoon_Creek ,8,8122021,POCIS ,38-TVFF21,TVFF21-0098P,0.008,0.000723,0.00025,0.00025,0.0008,0.000185,0.025,0.0025,0.0001,0.0001,0.0314,0.000446,0,0.001205,0.004119,0.0002,0.002225,2.439,0.00007,0.0001,0.001205,0.000334,1.0166,0.629,0.001343,0.0029,0.000114,0.000153,0.004119,0.000277,0.003962,0.0012,0,0.000289,0,0.001059,1.3934,0,0,0.000883,0.001306,0.001288,0.0034,0.000179,0.000179,0.000618,0.0007,0.00025,0.0005,,,,,,,,,,,,,,,,,,,,,,,,,,,,,,,,,,,,,,,,,,,,,,,,,,,,,,,,,,,,,,,,,,,,,,,,,,,,,,,,,,,,,,,,,,,,,,,,,,,,,,,,,,,,
Halfmoon_Creek_After_Confluence ,Halfmoon_Creek ,9,8122021,POCIS ,39-TVFF21,TVFF21-0099P,0.0017,0.000723,0.0068,0.00025,0.0247,0.000185,0.025,0.0025,0,0.000222,0.0325,1.431,0.0001,0.001205,0.004119,0.0006,0.002225,2.4409,0.00007,0.0001,0.001205,0,1.0167,0.629,0.2858,0.0022,0.0001,0.000153,0.004119,0,0.0027,0.0004,0,0.000289,0,0.001059,1.3934,0.000582,0,0.000883,0.0008,0.001288,0.0187,0.000179,0.000179,0.000618,0.0072,0.00025,0.0029,,,,,,,,,,,,,,,,,,,,,,,,,,,,,,,,,,,,,,,,,,,,,,,,,,,,,,,,,,,,,,,,,,,,,,,,,,,,,,,,,,,,,,,,,,,,,,,,,,,,,,,,,,,,
Field_Blank8122021,All ,10,8122021,POCIS ,40-TVFF21,Field_Blank8122021,0.0007,0.000723,0.00025,0.00025,0.001042,0.000185,0.025,0.0025,0.0018,0.000222,1.0703,0.0002,0.000667,0.001205,0,0.0001,0.002225,0.000895,0.00007,0,0.001205,0.0009,0.008327,0.629,0.001343,0.000892,0.000114,0.0001,0,0.000277,0.003962,0.000128,0.00025,0.000289,0,0.001059,0.0003,0.000582,0.001506,0.000883,0.001306,0.001288,0.0001,0.000179,0.000179,0.000618,0.000499,0.00025,0.000326,,,,,,,,,,,,,,,,,,,,,,,,,,,,,,,,,,,,,,,,,,,,,,,,,,,,,,,,,,,,,,,,,,,,,,,,,,,,,,,,,,,,,,,,,,,,,,,,,,,,,,,,,,,,
Ag_Progress_Days ,Spruce_Creek,1,8272021,POCIS ,41-TVFF21,TVFF21-100P,0.0059,0.000723,0.00025,0.0115,0.0061,0.0129,0.025,0.0025,0.0032,0.0001,0.0691,0.0001,0.0036,0.0021,0.0002,0.0004,0.002225,0.0043,0.002,0.0194,0.0021,0.0078,0.008327,0.6314,0.1918,0.0028,0.0001,0.0006,0.0002,0.0007,0.0038,0.0009,0.0239,0.002,0.0003,0.001059,0.0029,3.1437,0.0001,0.000883,0.0021,0.0012,0.0034,0,0.000179,0,0.017,0.00025,0.0057,,,,,,,,,,,,,,,,,,,,,,,,,,,,,,,,,,,,,,,,,,,,,,,,,,,,,,,,,,,,,,,,,,,,,,,,,,,,,,,,,,,,,,,,,,,,,,,,,,,,,,,,,,,,
Upper_Spruce_Creek_Church ,Spruce_Creek,2,8272021,POCIS ,42-TVFF21,TVFF21-101P,0.0027,0.000723,0.00025,0.00025,0.0213,0.0021,0.025,0.0025,0.0001,0.0001,0.0425,0.0076,0.0035,0.0017,0.004119,0.0006,0.002225,0.0033,0.00007,0.0001,0.0017,0.004,1.0164,0.6329,0.9556,0.0052,0.000114,0.0001,0.004119,0.0001,0.0018,0.0005,0.0132,0.0013,0,0.0004,0.0026,3.1446,0,0.000883,0.0005,0.0007,0.0114,0,0.000179,0,0.0027,0.00025,0.0024,,,,,,,,,,,,,,,,,,,,,,,,,,,,,,,,,,,,,,,,,,,,,,,,,,,,,,,,,,,,,,,,,,,,,,,,,,,,,,,,,,,,,,,,,,,,,,,,,,,,,,,,,,,,
George_W_Harvey,Spruce_Creek,3,8272021,POCIS ,43-TVFF21,TVFF21-102P,0.001,0.000723,0.0025,0.00025,0.0124,0.0014,0.025,0.0025,0.0007,0.000222,0.0357,0.0035,0.0041,0.0016,0.004119,0.0013,1.2971,0.0046,0.00007,0.0001,0.0016,0.0042,1.0163,0.6335,0.001343,0.0109,0.0009,0,0.004119,0.0002,0.003962,0.0007,0.0017,0.0006,0.008309,0.001059,0.0032,3.1451,0.001506,0.000883,0.0001,0.001288,0.0075,0,0.000179,0.000618,0.001,0.00025,0.0014,,,,,,,,,,,,,,,,,,,,,,,,,,,,,,,,,,,,,,,,,,,,,,,,,,,,,,,,,,,,,,,,,,,,,,,,,,,,,,,,,,,,,,,,,,,,,,,,,,,,,,,,,,,,
Lower_Warriors_Mark_Run ,Warriors_Mark_Run ,4,8272021,POCIS ,44-TVFF21,TVFF21-103P,0.0023,0.000723,0.0008,0.00025,0.0056,0.001,0.025,0.0025,0,0.0001,0.0266,0.0016,0,0.0029,0.004119,0.0004,0.002225,0.0045,0.00007,0.0003,0.0029,0.0024,1.0164,0.634,0.1421,0.0019,0.0001,0,0.004119,0.0002,0.0023,0.0003,0.0029,0.0016,0,0.001059,0.002,3.1462,0.001506,0.000883,0.001306,0.001288,0.0038,0.000179,0.000179,0.000618,0.0009,0.00025,0.0009,,,,,,,,,,,,,,,,,,,,,,,,,,,,,,,,,,,,,,,,,,,,,,,,,,,,,,,,,,,,,,,,,,,,,,,,,,,,,,,,,,,,,,,,,,,,,,,,,,,,,,,,,,,,
Upper_Warriors_Mark_Run ,Warriors_Mark_Run ,5,8272021,POCIS ,45-TVFF21,TVFF21-104P,0.0066,0.000723,0.00025,0.00025,0.0063,0.000185,0.025,0.0025,0.0001,0.000222,0.0248,0.0013,0,0.0014,0.004119,0.0011,0.002225,0.0046,0.00007,0.0001,0.0014,0.0009,1.0164,0.6339,0.0766,0.0017,0,0.000153,0.004119,0.0001,0.003,0.0006,0.0014,0.0018,0.008309,0.001059,0.0025,3.146,0.001506,0.000883,0.001306,0.001288,0.0042,0.000179,0.000179,0.000618,0.0002,0.00025,0.0005,,,,,,,,,,,,,,,,,,,,,,,,,,,,,,,,,,,,,,,,,,,,,,,,,,,,,,,,,,,,,,,,,,,,,,,,,,,,,,,,,,,,,,,,,,,,,,,,,,,,,,,,,,,,
Keith_Nelson,Warriors_Mark_Run ,6,8272021,POCIS ,46-TVFF21,TVFF21-105P,0.0015,0.000723,0.00025,0.00025,0.007,0.000185,0.025,0.0025,0.0004,0.000222,0.0469,0.000446,0,0.0021,0.004119,0.0003,0.002225,0.0073,0.00007,0.0006,0.0021,0.0012,0.008327,0.0025,0.001343,0,0.0001,0.000153,0.004119,0.0001,0.0017,0.0011,0.0003,0.0033,0.008309,0.001059,0.0015,3.1456,0.001506,0.0004,0.0001,0.001288,0.0076,0.000179,0.000179,0.000618,0.0004,0.00025,0.0009,,,,,,,,,,,,,,,,,,,,,,,,,,,,,,,,,,,,,,,,,,,,,,,,,,,,,,,,,,,,,,,,,,,,,,,,,,,,,,,,,,,,,,,,,,,,,,,,,,,,,,,,,,,,
Halfmoon_Creek_By_Bridge ,Halfmoon_Creek ,7,8272021,POCIS ,47-TVFF21,TVFF21-106P,0.0031,0.000723,0.0075,0.00025,0.0298,0.000185,0.025,0.0025,0.0001,0.000222,0.0203,0.0298,0,0.0018,0.004119,0.0017,1.2969,0.0025,0.00007,0.0002,0.0018,0.0011,1.0161,0.6339,1.2425,0.0091,0.0001,0.000153,0.004119,0.000277,0.0037,0.0003,0.0009,0.0015,0.008309,0.001059,0.0019,3.1458,0.001506,0.000883,0.0011,0.001288,0.022,0,0.000179,0.000618,0.0056,0.00025,0.0046,,,,,,,,,,,,,,,,,,,,,,,,,,,,,,,,,,,,,,,,,,,,,,,,,,,,,,,,,,,,,,,,,,,,,,,,,,,,,,,,,,,,,,,,,,,,,,,,,,,,,,,,,,,,
Loville,Halfmoon_Creek ,8,8272021,POCIS ,48-TVFF21,TVFF21-107P,0.0029,0.000723,0.00025,0.00025,0.0031,0.000185,0.025,0.0025,0,0.0002,0.0286,0,0,0.001205,0.004119,0.0006,0.002225,0.0087,0.00007,0.0011,0.001205,0.000334,1.0164,0.634,0.001343,0,0.0001,0.000153,0.004119,0.000277,0.003962,0.0009,0.0001,0.0015,0,0.001059,0.0024,3.1464,0,0.000883,0.001306,0.001288,0.0036,0.000179,0.000179,0.000618,0.0003,0.00025,0.0003,,,,,,,,,,,,,,,,,,,,,,,,,,,,,,,,,,,,,,,,,,,,,,,,,,,,,,,,,,,,,,,,,,,,,,,,,,,,,,,,,,,,,,,,,,,,,,,,,,,,,,,,,,,,
Halfmoon_Creek_After_Confluence ,Halfmoon_Creek ,9,8272021,POCIS ,49-TVFF21,TVFF21-108P,0.0008,0.000723,0.0027,0.00025,0.0217,0.000185,0.025,0.0025,0.0001,0.000222,0.0213,0.0195,0.0002,0.001205,0.004119,0.0016,0.002225,0.0042,0.00007,0.0003,0.001205,0.0007,1.0163,0.634,0.1907,0.0085,0.0001,0.000153,0.004119,0.000277,0.0008,0.0013,0,0.0036,0.008309,0.001059,0.0022,3.1466,0.001506,0.000883,0.0007,0.001288,0.0159,0,0.000179,0.000618,0.0042,0.00025,0.0034,,,,,,,,,,,,,,,,,,,,,,,,,,,,,,,,,,,,,,,,,,,,,,,,,,,,,,,,,,,,,,,,,,,,,,,,,,,,,,,,,,,,,,,,,,,,,,,,,,,,,,,,,,,,
Field_Blank8272021,All ,10,8272021,POCIS ,50-TVFF21,Field_Blank8272021,0.0717,0.000723,0.00025,0.00025,0.0007,0.000185,0.025,0.0025,0.0106,0.0025,0.0008,0.0004,0,0.0007,0.004119,0.0002,1.167,0.000895,0.0003,0,0.0007,0.0146,0.9911,0.6323,0.001343,0.000892,0,0.0008,0.004119,0.0001,0.0001,0.000128,0.00025,0.000289,0,0.0005,0.0002,3.1454,0.001506,0.000883,0.001306,0.001288,0.0005,0.000179,0.000179,0,0.0001,0.00025,0,,,,,,,,,,,,,,,,,,,,,,,,,,,,,,,,,,,,,,,,,,,,,,,,,,,,,,,,,,,,,,,,,,,,,,,,,,,,,,,,,,,,,,,,,,,,,,,,,,,,,,,,,,,,
Ag_Progress_Days ,Spruce_Creek,1,9092021,POCIS ,51-TVFF21,TVFF21-109P,0.0007,0.000723,0.00025,0.00025,0.0023,0.0005,0.025,0.0025,0.0012,0.0001,0.0181,0,0,0.0012,0.004119,0.0003,0.002225,0.002,0.00007,0.00032,0.0012,0.0016,1.0158,0.634,0.001343,0.0012,0,0,0.004119,0.000277,0.003962,0.0005,0,0.000289,0.008309,0.001059,0.0012,0.000582,0.001506,0.000883,0.001306,0.001288,0.0009,0.000179,0.000179,0.000618,0.0002,0.00025,0,,,,,,,,,,,,,,,,,,,,,,,,,,,,,,,,,,,,,,,,,,,,,,,,,,,,,,,,,,,,,,,,,,,,,,,,,,,,,,,,,,,,,,,,,,,,,,,,,,,,,,,,,,,,
Upper_Spruce_Creek_Church ,Spruce_Creek,2,9092021,POCIS ,52-TVFF21,TVFF21-110P,0.0019,0.000723,0.00025,0.00025,0.0079,0.000185,0.025,0.0025,0.0002,0.0001,0.0223,0.0043,0.0022,0.0029,0.004119,0.0006,0.002225,0.0057,0.00007,0.0002,0.0029,0.000334,0.008327,0.634,0.1066,0.0019,0,0.000153,0.004119,0.000277,0.001,0.0004,0.0001,0.002,0.008309,0.001059,0.0017,0.000582,0.0002,0.000883,0.0003,0.001288,0.0071,0.000179,0.000179,0.000618,0.0006,0.00025,0.002,,,,,,,,,,,,,,,,,,,,,,,,,,,,,,,,,,,,,,,,,,,,,,,,,,,,,,,,,,,,,,,,,,,,,,,,,,,,,,,,,,,,,,,,,,,,,,,,,,,,,,,,,,,,
George_W_Harvey,Spruce_Creek,3,9092021,POCIS ,53-TVFF21,TVFF21-111P,0.0055,0.0042,0.00025,0.00025,0.0067,0.000185,0.025,0.0025,0.0001,0.000222,0.0218,0.0024,0.0001,0.001205,0.004119,0.0008,0.002225,0.0065,0.00007,0.0002,0.001205,0,1.0164,0.634,0.1923,0.0052,0.0001,0.000153,0.004119,0,0.0024,0.0008,0.0001,0.0018,0.0003,0.001059,0.0021,0.000582,0,0.000883,0.001306,0.001288,0.0239,0,0.000179,0.000618,0.0002,0.00025,0.0012,,,,,,,,,,,,,,,,,,,,,,,,,,,,,,,,,,,,,,,,,,,,,,,,,,,,,,,,,,,,,,,,,,,,,,,,,,,,,,,,,,,,,,,,,,,,,,,,,,,,,,,,,,,,
Lower_Warriors_Mark_Run ,Warriors_Mark_Run ,4,9092021,POCIS ,54-TVFF21,TVFF21-112P,0.0012,0.000723,0.00025,0.00025,0.0031,0.000185,0.025,0.0025,0.0001,0.0001,0.0183,0.0019,0.0001,0.0006,0.004119,0.0003,0.002225,0.0084,0.00007,0.0002,0.0006,0.000334,1.0164,0.634,1.1212,0.0018,0.0006,0.000153,0.004119,0.0001,0.0014,0.0007,0.0001,0.0009,0.008309,0.001059,0.0015,0.000582,0,0.000883,0.001306,0.001288,0.0027,0.000179,0.000179,0.000618,0.000499,0.00025,0.0009,,,,,,,,,,,,,,,,,,,,,,,,,,,,,,,,,,,,,,,,,,,,,,,,,,,,,,,,,,,,,,,,,,,,,,,,,,,,,,,,,,,,,,,,,,,,,,,,,,,,,,,,,,,,
Upper_Warriors_Mark_Run ,Warriors_Mark_Run ,5,9092021,POCIS ,55-TVFF21,TVFF21-113P,0.0013,0.000723,0.00025,0.00025,0.0044,0.000185,0.025,0.0025,0,0.000222,0.0178,0.0021,0.0001,0.001205,0.004119,0.0004,0.002225,0.0085,0.00007,0.0005,0.001205,0.000334,1.0164,0.634,0.0905,0.0015,0.000114,0.000153,0.004119,0,0.0021,0.0004,0,0.0019,0.008309,0.001059,0.0014,0.000582,0.001506,0.000883,0.001306,0.001288,0.0021,0.000179,0.000179,0.000618,0.0004,0.00025,0.0007,,,,,,,,,,,,,,,,,,,,,,,,,,,,,,,,,,,,,,,,,,,,,,,,,,,,,,,,,,,,,,,,,,,,,,,,,,,,,,,,,,,,,,,,,,,,,,,,,,,,,,,,,,,,
Keith_Nelson,Warriors_Mark_Run ,6,9092021,POCIS ,56-TVFF21,TVFF21-114P,0.001,0.000723,0.00025,0.00025,0.0043,0.000185,0.025,0.0025,0.0001,0.000222,0.0183,0,0,0.0017,0.004119,0.0004,0.002225,0.0111,0.00007,0.0001,0.0017,0.000334,1.0164,0.634,1.2545,0,0.000114,0.000153,0.004119,0.000277,0.0056,0.0003,0.0001,0.0029,0.008309,0.001059,0.0007,3.1467,0,0.0004,0,0.001288,0.002,0.000179,0.000179,0.000618,0.0005,0.00025,0.0025,,,,,,,,,,,,,,,,,,,,,,,,,,,,,,,,,,,,,,,,,,,,,,,,,,,,,,,,,,,,,,,,,,,,,,,,,,,,,,,,,,,,,,,,,,,,,,,,,,,,,,,,,,,,
Halfmoon_Creek_By_Bridge ,Halfmoon_Creek ,7,9092021,POCIS ,57-TVFF21,TVFF21-115P,0.0019,0.000723,0.00025,0.00025,0.0159,0.000185,0.025,0.0025,0.0001,0.0001,0.0192,0.0245,0.0001,0.0014,0.004119,0.001,0.002225,0.0028,0.00007,0.0001,0.0014,0.000334,1.0164,0.634,0.1887,0.0043,0.0001,0.000153,0.004119,0.000277,0.004,0.0003,0.0001,0.0019,0.008309,0.001059,0.0015,0.000582,0.001506,0.000883,0.001,0.001288,0.0191,0,0.000179,0.000618,0.0062,0.00025,0.0065,,,,,,,,,,,,,,,,,,,,,,,,,,,,,,,,,,,,,,,,,,,,,,,,,,,,,,,,,,,,,,,,,,,,,,,,,,,,,,,,,,,,,,,,,,,,,,,,,,,,,,,,,,,,
Loville,Halfmoon_Creek ,8,9092021,POCIS ,58-TVFF21,TVFF21-116P,0.0101,0.000723,0.00025,0.00025,0.0047,0.000185,0.025,0.0025,0,0.0001,0.0214,0,0.0001,0.0035,0.004119,0.0003,0.002225,0.0138,0.00007,0.0011,0.0035,0,1.0164,0.634,0.1014,0.0006,0,0.000153,0.004119,0.000277,0.003962,0.0015,0,0.0011,0.008309,0.001059,0.0015,3.1467,0.001506,0.000883,0.001306,0.001288,0.0033,0.000179,0.000179,0.000618,0.0005,0.00025,0.0003,,,,,,,,,,,,,,,,,,,,,,,,,,,,,,,,,,,,,,,,,,,,,,,,,,,,,,,,,,,,,,,,,,,,,,,,,,,,,,,,,,,,,,,,,,,,,,,,,,,,,,,,,,,,
Halfmoon_Creek_After_Confluence ,Halfmoon_Creek ,9,9092021,POCIS ,59-TVFF21,TVFF21-117P,0.003,0.000723,0.00025,0.00025,0.0142,0.000185,0.025,0.0025,0.0001,0.0002,0.021,0.014,0.0001,0.001205,0.004119,0.0007,0.002225,0.0095,0.00007,0.0002,0.001205,0.000334,1.0164,0.634,0.001343,0.0034,0.0003,0.000153,0.004119,0.000277,0.0036,0.0003,0.0001,0.004,0.008309,0.001059,0.0018,3.1467,0.001506,0.000883,0.0006,0.001288,0.016,0.000179,0.000179,0.000618,0.0038,0.00025,0.0047,,,,,,,,,,,,,,,,,,,,,,,,,,,,,,,,,,,,,,,,,,,,,,,,,,,,,,,,,,,,,,,,,,,,,,,,,,,,,,,,,,,,,,,,,,,,,,,,,,,,,,,,,,,,
Field Blank_9092021,All ,10,9092021,POCIS ,60-TVFF21,Field Blank_9092021,0.008,0.000723,0.00025,0.00025,0.0009,0.000185,0.025,0.0025,0.0035,0.000222,0.0007,0,0.0001,0.001205,0,0.0001,0.002225,0,0.00007,0,0.001205,0.003,1.0161,0.6339,0.001343,0.000892,0,0.0001,0,0.0001,0.003962,0.000128,0.00025,0.000289,0.008309,0.001059,0.000488,0.000582,0.001506,0.000883,0.001306,0.001288,0.0007,0.000179,0.000179,0.000618,0.000499,0.00025,0.000326,,,,,,,,,,,,,,,,,,,,,,,,,,,,,,,,,,,,,,,,,,,,,,,,,,,,,,,,,,,,,,,,,,,,,,,,,,,,,,,,,,,,,,,,,,,,,,,,,,,,,,,,,,,,
Ag_Progress_Days ,Spruce_Creek,1,9302021,POCIS ,61-TVFF21,TVFF21-118,0.001,0.000723,0.00025,0.00025,0.0015,0.000185,0.025,0.0025,0,0.0001,0.0167,0.000446,0.003,0.0019,0.004119,0.0004,0.002225,0.0022,0.00007,0.0001,0.0019,0.000334,1.0164,0.634,0.0785,0.0016,0,0.000153,0.004119,0.000277,0.003962,0.0015,0.0001,0.0016,0.008309,0.001059,0.0023,0.000582,0.001506,0.000883,0.001306,0.001288,0.0024,0,0.000179,0.000618,0.000499,0.00025,0.0002,,,,,,,,,,,,,,,,,,,,,,,,,,,,,,,,,,,,,,,,,,,,,,,,,,,,,,,,,,,,,,,,,,,,,,,,,,,,,,,,,,,,,,,,,,,,,,,,,,,,,,,,,,,,
Upper_Spruce_Creek_Church ,Spruce_Creek,2,9302021,POCIS ,62-TVFF21,TVFF21-119,0.0016,0.000723,0.00025,0.00025,0.0072,0.000185,0.025,0.0025,0.0005,0.000222,0.027,0.0065,0.0001,0.001205,0.004119,0.0007,0.002225,0.0039,0.00007,0.0002,0.001205,0.000334,0.008327,0.634,0.0932,0.0014,0.0001,0.000153,0.004119,0.000277,0.0018,0.0022,0.0001,0.0012,0.008309,0.001059,0.0029,0.000582,0,0.0008,0.0004,0.001288,0.0074,0.000179,0.000179,0.000618,0.0006,0.00025,0.0024,,,,,,,,,,,,,,,,,,,,,,,,,,,,,,,,,,,,,,,,,,,,,,,,,,,,,,,,,,,,,,,,,,,,,,,,,,,,,,,,,,,,,,,,,,,,,,,,,,,,,,,,,,,,
George_W_Harvey,Spruce_Creek,3,9302021,POCIS ,63-TVFF21,TVFF21-120,0.0056,0.000723,0.00025,0.00025,0.0071,0.0003,0.025,0.0025,0.0001,0.000222,0.0257,0.0037,0.0001,0.0036,0.004119,0.0006,0.002225,0.0053,0.00007,0.0001,0.0036,0.000334,1.0164,0.6339,0.001343,0.0021,0.0001,0.000153,0.004119,0.0001,0.0006,0.0006,0.0001,0.002,0.008309,0.001059,0.003,0.000582,0.001506,0.0003,0.0001,0.001288,0.0126,0.000179,0.000179,0.000618,0.0002,0.00025,0.0008,,,,,,,,,,,,,,,,,,,,,,,,,,,,,,,,,,,,,,,,,,,,,,,,,,,,,,,,,,,,,,,,,,,,,,,,,,,,,,,,,,,,,,,,,,,,,,,,,,,,,,,,,,,,
Lower_Warriors_Mark_Run ,Warriors_Mark_Run ,4,9302021,POCIS ,64-TVFF21,TVFF21-121,0.0006,0.000723,0.00025,0.00025,0.0027,0.000185,0.025,0.0025,0.0001,0.000222,0.0253,0.0029,0.004,0.001205,0.004119,0.0005,0.002225,0.0072,0.00007,0.0002,0.001205,0.000334,1.0164,0.0025,0.203,0.001,0.0002,0.000153,0.004119,0,0.0011,0.0006,0.0001,0.0014,0.008309,0.001059,0.003,3.1467,0.001506,0.000883,0.0001,0.001288,0.0024,0.000179,0.000179,0.000618,0.0002,0.00025,0.0013,,,,,,,,,,,,,,,,,,,,,,,,,,,,,,,,,,,,,,,,,,,,,,,,,,,,,,,,,,,,,,,,,,,,,,,,,,,,,,,,,,,,,,,,,,,,,,,,,,,,,,,,,,,,
Upper_Warriors_Mark_Run ,Warriors_Mark_Run ,5,9302021,POCIS ,65-TVFF21,TVFF21-122,0.0006,0.000723,0.00025,0.00025,0.0037,0.000185,0.025,0.0025,0,0.000222,0.0216,0.0028,0.0001,0.001205,0.004119,0.0007,0.002225,0.0074,0.00007,0.0001,0.001205,0.000334,1.0164,0.0025,0.1114,0.0011,0.0001,0,0.004119,0.0001,0.0011,0.0007,0.0001,0.0017,0.008309,0.001059,0.0024,0.000582,0.001506,0.000883,0.001306,0.001288,0.0023,0.000179,0.000179,0.000618,0.0001,0.00025,0.0006,,,,,,,,,,,,,,,,,,,,,,,,,,,,,,,,,,,,,,,,,,,,,,,,,,,,,,,,,,,,,,,,,,,,,,,,,,,,,,,,,,,,,,,,,,,,,,,,,,,,,,,,,,,,
Keith_Nelson,Warriors_Mark_Run ,6,9302021,POCIS ,66-TVFF21,TVFF21-123,0.0013,0.000723,0.00025,0.00025,0.0025,0.000185,0.025,0.0025,0,0.000222,0.027,0.000446,0.0002,0.002,0.004119,0.0005,0.002225,0.0112,0.00007,0.0003,0.002,0.000334,0.008327,0.6339,0.001343,0.0021,0,0.000153,0.004119,0.000277,0.0059,0.0003,0.0001,0.0014,0.008309,0.001059,0.0018,3.1467,0,0.001,0.0002,0.001288,0.0021,0.000179,0.000179,0.000618,0.0004,0.00025,0.0012,,,,,,,,,,,,,,,,,,,,,,,,,,,,,,,,,,,,,,,,,,,,,,,,,,,,,,,,,,,,,,,,,,,,,,,,,,,,,,,,,,,,,,,,,,,,,,,,,,,,,,,,,,,,
Halfmoon_Creek_By_Bridge ,Halfmoon_Creek ,7,9302021,POCIS ,67-TVFF21,TVFF21-124,0.0005,0.000723,0.00025,0.00025,0.0221,0.0009,0.025,0.0025,0.0002,0.000222,0.0161,0.0282,0,0.001205,0.004119,0.0012,0.002225,0.0031,0.00007,0.0002,0.001205,0.000334,1.0164,0.6339,0.2204,0.0028,0.0001,0.000153,0.004119,0.000277,0.0041,0.0006,0.0001,0.0025,0.008309,0.001059,0.0017,0.000582,0.001506,0.000883,0.0013,0.001288,0.0148,0.000179,0.000179,0.000618,0.0076,0.00025,0.0086,,,,,,,,,,,,,,,,,,,,,,,,,,,,,,,,,,,,,,,,,,,,,,,,,,,,,,,,,,,,,,,,,,,,,,,,,,,,,,,,,,,,,,,,,,,,,,,,,,,,,,,,,,,,
Loville,Halfmoon_Creek ,8,9302021,POCIS ,68-TVFF21,TVFF21-125,0.0008,0.000723,0.00025,0.00025,0.0039,0.000185,0.025,0.0025,0.0001,0.0003,0.0362,0,0.0042,0.0017,0.004119,0.0005,0.002225,0.01,0.00007,0.0008,0.0017,0.000334,1.0164,0.634,0.2059,0.0009,0.0001,0.000153,0.004119,0.000277,0.003962,0.0008,0.0001,0.0019,0.008309,0.001059,0.0033,0.000582,0,0.000883,0.001306,0.0004,0.0058,0.000179,0.000179,0.000618,0.0007,0.00025,0.0004,,,,,,,,,,,,,,,,,,,,,,,,,,,,,,,,,,,,,,,,,,,,,,,,,,,,,,,,,,,,,,,,,,,,,,,,,,,,,,,,,,,,,,,,,,,,,,,,,,,,,,,,,,,,
Halfmoon_Creek_After_Confluence ,Halfmoon_Creek ,9,9302021,POCIS ,69-TVFF21,TVFF21-126,0.0025,0.000723,0.00025,0.00025,0.0163,0.000185,0.025,0.0025,0.0001,0.0004,0.0206,0.0211,0.0001,0.001205,0.004119,0.0011,0.002225,0.0055,0.00007,0.0001,0.001205,0.000334,0.008327,0.634,0.9732,0.0024,0.0001,0,0.004119,0.000277,0.0032,0.0014,0.00025,0.002,0.008309,0.001059,0.0022,0.000582,0.001506,0.000883,0.0006,0.001288,0.0144,0.000179,0.000179,0.000618,0.0052,0.00025,0.0064,,,,,,,,,,,,,,,,,,,,,,,,,,,,,,,,,,,,,,,,,,,,,,,,,,,,,,,,,,,,,,,,,,,,,,,,,,,,,,,,,,,,,,,,,,,,,,,,,,,,,,,,,,,,
Field Blank_9302021,All ,10,9302021,POCIS ,70-TVFF21,Field Blank_9302021,0.0704,0.000723,0.00025,0.00025,0.001042,0.000185,0.025,0.0025,0.0027,0.0007,0.0006,0.0001,0.0001,0.001205,0.004119,0.0001,0.002225,0.000895,0.00007,0.00032,0.001205,0.0015,0.008327,0.6339,0.001343,0.000892,0,0,0.004119,0.000277,0.0009,0.000128,0.00025,0.000289,0.008309,0.001059,0.000488,0.000582,0,0.000883,0.001306,0.001288,0.0009,0.000179,0.000179,0,0,0.00025,0.000326,,,,,,,,,,,,,,,,,,,,,,,,,,,,,,,,,,,,,,,,,,,,,,,,,,,,,,,,,,,,,,,,,,,,,,,,,,,,,,,,,,,,,,,,,,,,,,,,,,,,,,,,,,,,